Workbook
Name DC_001: 'DC Acilia Housing Dati'!$B$5:$G$132
Name DC_002: 'DC Acilia Housing VoIP'!$B$5:$H$132
Name DC_003: 'DC Pomezia Housing Dati'!$B$5:$H$132
Name DC_004: 'DC Pomezia Housing Voip'!$B$5:$H$132
Name DC_005: 'DC Acilia Housing Mng'!$B$5:$H$36
Name DC_006: 'DC S.Stefano Housing Dati'!$B$4:$H$36
Name DC_006: 'DC S.Stefano Housing Mng'!$B$4:$H$36
Name DC_006: 'DC S.Stefano Housing Voip'!$B$4:$G$36
Name DC_006: 'DC Pomezia Housing Mng'!$B$4:$H$36
Name Iaas_000_Waf: 'WAF-Leonardo'!$B$4:$H$260
Name Iaas_001: 'WAF-Leonardo'!$B$4:$H$260
Name Iaas_001: '10.58.1.0 |24'!$B$4:$H$260
Name Iaas_003: '10.58.3.0 |24'!$B$4:$H$260
Name Iaas_004: '10.58.4.0 |24'!$B$4:$H$260
Name Iaas_010: '10.58.10.0 |24'!$B$4:$H$260
Name Iaas_020: '10.58.20.0 |24 '!$B$4:$H$260
Name Iaas_025: '10.58.25.0 |24'!$B$4:$H$260
Name Iaas_030: '10.58.30.0 |24'!$B$4:$H$260
Name Iaas_031: '10.58.31.0 |24'!$B$4:$H$260
Name Iaas_032: '10.58.32.0 |24'!$B$4:$H$260
Name Iaas_033: '10.58.33.0 |24'!$B$4:$H$260
Name Iaas_040: '10.58.40.0 |24'!$B$4:$H$260
Name Iaas_041: '10.58.41.0 |24'!$B$4:$H$260
Name Iaas_050: '10.58.50.0 |24'!$B$4:$H$260
Name Iaas_051: '10.58.51.0 |24'!$B$4:$H$260
Name Iaas_061: '10.58.61.0 |24'!$B$4:$H$260
Name Iaas_065: '10.58.65.0 |24'!$B$4:$H$260
Name Iaas_073: '10.58.73.0 |24'!$B$4:$H$260
Name Iaas_080: '10.58.80.0 |24 '!$B$4:$H$260
Name Iaas_085: '10.58.85.0 |24 '!$B$4:$H$260
Name Iaas_090: '10.58.90.0 |24'!$B$4:$H$260
Name Iaas_091: '10.58.91.0 |24'!$B$4:$H$260
Name Iaas_093: '10.58.118.0 |24 '!$B$4:$G$260
Name Iaas_093: '10.58.131.0 |24'!$B$4:$H$260
Name Iaas_093: '10.58.133.0 |24'!$B$4:$H$260
Name Iaas_093: '10.58.134.0 |24'!$B$4:$H$260
Name Iaas_093: '10.58.140.0 |24'!$B$4:$H$260
Name Iaas_093: '10.58.150.0 |24'!$B$4:$H$260
Name Iaas_093: '10.58.155.0 |24'!$B$4:$H$260
Name Iaas_093: '10.58.160.0 |24'!$B$4:$H$260
Name Iaas_093: '10.58.161.0 |24'!$B$4:$H$260
Name Iaas_093: '10.58.162.0 |24'!$B$4:$G$260
Name Iaas_093: '10.58.163.0 |24'!$B$4:$H$260
Name Iaas_093: '10.58.170.0 |24'!$B$4:$H$260
Name Iaas_093: '10.58.171.0 |24'!$B$4:$H$260
Name Iaas_093: '10.58.180.0 |24'!$B$4:$H$260
Name Iaas_093: '10.58.181.0 |24'!$B$4:$H$260
Name Iaas_093: '10.58.191.0 |24'!$B$4:$H$260
Name Iaas_093: '10.58.200.0 |24'!$B$4:$H$260
Name Iaas_093: '10.58.210.0 |24'!$B$4:$H$260
Name Iaas_093: '10.58.215.0 |24'!$B$4:$H$260
Name Iaas_093: '10.58.220.0 |24'!$B$4:$H$260
Name Iaas_093: '10.58.221.0 |24'!$B$4:$H$260
Name Iaas_093: '10.58.223.0 |24'!$B$4:$H$260
Name Iaas_093: '10.58.93.0 |24 '!$B$4:$H$260

Sheet Tenant
B2: in giallo le info da verificare
B4: TGU/ID | C4: Tenant/Ambienti | D4: Stato | E4: IP | F4: Zona | G4: Commento | H4: Fonte | I4: Note
B5: PSN 02 84 27 23 | C5: Tenant di Sicurezza IN COMUNE A PRODUZIONE E A TEST/COLLAUDO | D5: Attivo | E5: 198.18.226.3 198.18.225.23/32 198.18.225.24/32 | F5: Iaas
B7: PSN 02 95 78 77 | C7: Tenant Produzione - IaaS | D7: Attivo | E7: 198.18.226.25 | F7: Iaas | H7: PannelloAcceso | I7: Tenant creato a febbraio 2025 con Overcommit in sostituzione del precedente
B8: PSN 02 88 49 71 | C8: Tenant Produzione - Paas | D8: Attivo | F8: Paas | H8: Mail di Pietro Filipponi - Richiesta Staging Area
B9: PSN 02 88 63 45 | C9: Housing ACILIA | D9: Attivo | F9: Housing
B10: PSN 02 88 63 38 | C10: Housing POMEZIA | D10: Attivo | F10: Housing
B12: PSN 02 99 31 65 | C12: Tenant Test/Collaudo - Iaas | D12: Attivo | E12: 198.18.226.17 | F12: Iaas | H12: PannelloAcceso
B13: PSN 02 87 91 04 | C13: Tenant Test/Collaudo - Paas | D13: Attivo | F13: Paas | H13: Mail di Pietro Filipponi - Richiesta Staging Area
B15: PSN02884971-?? | C15: Produzione Paas - Staging | D15: Attivo | F15: Paas-Staging | H15: Mail di Pietro Filipponi - Richiesta Staging Area | I15: Le staging area hanno id tenant uguale al Paas con aggiunta di -??
B16: PSN02879104-?? | C16: Collaudo Paas - Staging | D16: Attivo | F16: Paas-Staging | H16: Mail di Pietro Filipponi - Richiesta Staging Area | I16: Le staging area hanno id tenant uguale al Paas con aggiunta di -??
B19: COMPLETARE QUADRO CON MIAL FILIPPONI
A21: ? | B21: PSN-8173691000 | F21: Housing??? | H21: Mail di assistenza PSN
A22: ? | B22: PSN02687922 | E22: 198.18.226.4
A23: ? | B23: PSN02830780 | D23: Disabilitato
B25: PSN03137816 PaaS DB associato al tenant si Produzione ISED di Santo Stefano Ticino (PSN03081639)
B26: PSN03137802 PaaS DB associato al tenant ex SPC Cloud di Santo Stefano Ticino (PSN03033633)
B27: PSN03081651 Tenant Test e Collaudo ISED su Santo Stefano Ticino | G27: PSN03137816 | H27: PaaS DB Produzione ISED – Santo Stefano Ticino
B28: PSN03081639 Tenant Produzione ISED su Santo Stefano Ticino | G28: PSN03137802 | H28: PaaS DB ex SPC Cloud – Santo Stefano Ticino
B29: PSN03033633 Tenant SPC su Santo Stefano Ticino | G29: PSN03081651 | H29: Tenant Test e Collaudo ISED – Santo Stefano Ticino
B30: PSN03003325 Tenant di sicurezza su Santo Stefano Ticino | G30: PSN03081639 | H30: Tenant Produzione ISED – Santo Stefano Ticino
B31: PSN02954035 Housing Santo Stefano Ticino | G31: PSN03033633 | H31: Tenant ex SPC Cloud – Santo Stefano Ticino
G32: PSN03003325 | H32: Tenant di sicurezza – Santo Stefano Ticino
B33: PSN02993165 Tenant di test e collaudo ISED | G33: PSN02954035 | H33: Housing Santo Stefano Ticino
B34: PSN02957877 Tenant di produzione ISED | G34: PSN02993165 | H34: Tenant Test e Collaudo ISED – Acilia/Pomezia
G35: PSN02957877 | H35: Tenant Produzione ISED – Acilia/Pomezia
B36: PSN02886345 Housing Acilia | G36: PSN02954035 | H36: Housing Santo Stefano Ticino
B37: PSN02886338 Housing Pomezia | G37: PSN02886345 | H37: Housing Acilia
G38: PSN02886338 | H38: Housing Pomezia
B39: PSN02884971 PaaS DB produzione ISED | G39: PSN02884971 | H39: PaaS DB Produzione ISED – Acilia/Pomezia
B40: PSN02879104 PaaS DB test e collaudo ISED | G40: PSN02879104 | H40: PaaS DB Test e Collaudo ISED – Acilia/Pomezia
G41: PSN02842723 | H41: Tenant di sicurezza – Acilia/Pomezia
B42: Ciao, | G42: PSN02687931 | H42: PaaS DB ex SPC Cloud – Acilia/Pomezia
B43: Pietro | G43: PSN02687922 | H43: Tenant ex SPC Cloud – Acilia/Pomezia

Sheet Nomenclatore_1.1
B2: Sito (*) | J2: Tenant (*) | O2: Dominio | U2: Area | AA2: Accesso | AF2: Ambito | AK2: Tipo Macchina (*)
B3: psn | C3: se riguarda tutti i DC convolti: Acilia (ac), Pomezia (pm) e S.Stefano | J3: prod | K3: PSN PRODUZIONE | P3: don't care | V3: don't care | AB3: don't care | AG3: don't care | AK3: ad
B4: bc | C4: se riguarda SOLO i DC di Business Continuity: Acilia (ac), Pomezia (pm) | J4: test | K4: PSN TEST&COLLAUDO | O4: sie | P4: se riguarda l'intera piattaforma SIE | U4: app | V4: se ricade nell'area APPLICATIVA | AA4: int | AB4: se la risorsa è accessibile SOLO dall'INTERNO (Intranet) | AF4: soeu | AG4: se la risorsa è funzionale alle SOLE componenti di SALA OPERATIVA DI EMERGENZA/URGENZA | AK4: ast
B5: dr | C5: se riguarda il SOLO DC di Disaster Recovery: S.Stefano | J5: ci | K5: SVIL Continuous Integration | O5: eu | P5: se riguarda i SOLI sistemi di EMERGENZA/URGENZA | U5: tel | V5: se ricade nell'area TELEFONICA | AA5: ext | AB5: se la risorsa è accessibile SOLO dall'ESTERNO (Internet) | AF5: soneu | AG5: se la risorsa è funzionale alle SOLE componenti di SALA OPERATIVA DI NON EMERGENZA/URGENZA | AK5: cas
B6: ac | C6: se riguarda il SOLO DC di BC Acilia (ac) | J6: demo | K6: SVIL Demo | O6: neu | P6: se riguarda i SOLI sistemi di NON EMERGENZA/URGENZA | U6: rec | V6: se ricade nell'area di RECORDING | AA6: mob | AB6: se la risorsa è accessibile SOLO dalla Rete MOBILE | AF6: ws | AG6: se la risorsa è funzionale alle SOLE componenti WEB SERVICE | AK6: chk
B7: pm | C7: se riguarda il SOLO DC di BC Pomezia (pm) | O7: pub | P7: se riguarda i SOLI sistemi Esposti su internet | AF7: fe | AG7: se la risorsa è funzionale alle SOLE componenti di FRONTEND | AK7: ctrl
B8: svil | C8: se riguarda l'ambiente SVILUPPO | O8: tb | P8: se riguarda i SOLI sistemi Tablet | AF8: tbt | AG8: se la risorsa è funzionale alle SOLE componenti MOBILE | AK8: db
AF9: auth | AG9: se la risorsa è funzionale alle SOLE componenti CAS di autenticazione | AK9: dbcll | AL9: call logging
AF10: cache | AG10: se la risorsa è funzionale alle SOLE componenti di INFINISPAN | AK10: dbdoc
AK11: dc
AK12: dcmob
AK13: dcpdl
AK14: dcsvr
AK15: dhcp
AK16: dns
AK17: dns-dhcp
AK18: elx
B19: N.B.: Per i proxy deve essere valorizzata la colonna DOMINIO perché a parità di accesso deve essere possibile distinguere il gruppo di sistemi (definito dominio) verso i quali devono essere inoltrate le richieste Per i worker e i controller deve essere valorizzata la colonna AMBITO per poter distinguere il settore specifico di competenza anche a parità di Dominio o Accesso | AK19: evoip
AK20: ipa
B21: Macchina | J21: =+B2 -> Sito (*) | K21: =+J2 -> Tenant (*) | L21: =+O2 -> Dominio | M21: =+U2 -> Area | N21: =+AA2 -> Accesso | O21: =+AF2 -> Ambito | P21: =+AK2 -> Tipo Macchina (*) | Q21: Progr (*) | S21: Nome | W21: Nomi host con eccezioni | X21: Note | Y21: DISPOSITIVO | AK21: ippsrv | AL21: repository
B22: Dominio mv di servizio e gestione | D22: DHCP PDL | J22: bc | K22: prod | P22: dhcp | Q22: XX | S22: =CONCATENATE(J22,"-",K22,IF(L22="","",CONCATENATE("-",L22)),IF(M22="","",CONCATENATE("-",M22)),IF(N22="","",CONCATENATE("-",N22)),IF(O22="","",CONCATENATE("-",O22)),IF(P22="","",CONCATENATE("-",P22)),IF(Q22="","",Q22)) -> bc-prod-dhcpXX | X22: ??Contenuto in VM DNS? | Y22: svr | AK22: kib
D23: DNS INTERNO | J23: bc | K23: prod | P23: dns-dhcp | Q23: XX | S23: =CONCATENATE(J23,"-",K23,IF(L23="","",CONCATENATE("-",L23)),IF(M23="","",CONCATENATE("-",M23)),IF(N23="","",CONCATENATE("-",N23)),IF(O23="","",CONCATENATE("-",O23)),IF(P23="","",CONCATENATE("-",P23)),IF(Q23="","",Q23)) -> bc-prod-dns-dhcpXX | X23: Contiene svr DHCP | Y23: pdl | AK23: mail
D24: SSO di sistema | J24: bc | K24: prod | P24: ipa | Q24: XX | S24: =CONCATENATE(J24,"-",K24,IF(L24="","",CONCATENATE("-",L24)),IF(M24="","",CONCATENATE("-",M24)),IF(N24="","",CONCATENATE("-",N24)),IF(O24="","",CONCATENATE("-",O24)),IF(P24="","",CONCATENATE("-",P24)),IF(Q24="","",Q24)) -> bc-prod-ipaXX | X24: IP associato | Y24: pdlmob | AK24: micc
D25: Sistema di monitoraggio Nagios | J25: bc | K25: prod | P25: nagios | Q25: XX | S25: =CONCATENATE(J25,"-",K25,IF(L25="","",CONCATENATE("-",L25)),IF(M25="","",CONCATENATE("-",M25)),IF(N25="","",CONCATENATE("-",N25)),IF(O25="","",CONCATENATE("-",O25)),IF(P25="","",CONCATENATE("-",P25)),IF(Q25="","",Q25)) -> bc-prod-nagiosXX | X25: IP associato, VM da creare | AK25: mon
D26: Sistema di monitoraggio Check MK | J26: bc | K26: prod | P26: chk | Q26: XX | S26: =CONCATENATE(J26,"-",K26,IF(L26="","",CONCATENATE("-",L26)),IF(M26="","",CONCATENATE("-",M26)),IF(N26="","",CONCATENATE("-",N26)),IF(O26="","",CONCATENATE("-",O26)),IF(P26="","",CONCATENATE("-",P26)),IF(Q26="","",Q26)) -> bc-prod-chkXX | X26: IP associato | AK26: nagios
D27: Sistema di monitoraggio Kibana | J27: bc | K27: prod | P27: kib | Q27: XX | S27: =CONCATENATE(J27,"-",K27,IF(L27="","",CONCATENATE("-",L27)),IF(M27="","",CONCATENATE("-",M27)),IF(N27="","",CONCATENATE("-",N27)),IF(O27="","",CONCATENATE("-",O27)),IF(P27="","",CONCATENATE("-",P27)),IF(Q27="","",Q27)) -> bc-prod-kibXX | X27: IP associato | AK27: nas
D28: Sistema di monitoraggio Elastic Search | J28: bc | K28: prod | P28: elx | Q28: XX | S28: =CONCATENATE(J28,"-",K28,IF(L28="","",CONCATENATE("-",L28)),IF(M28="","",CONCATENATE("-",M28)),IF(N28="","",CONCATENATE("-",N28)),IF(O28="","",CONCATENATE("-",O28)),IF(P28="","",CONCATENATE("-",P28)),IF(Q28="","",Q28)) -> bc-prod-elxXX | X28: IP associato | AK28: oas
D29: Domain Controller - Server di dominio Svr | J29: bc | K29: prod | P29: dcsvr | Q29: XX | S29: =CONCATENATE(J29,"-",K29,IF(L29="","",CONCATENATE("-",L29)),IF(M29="","",CONCATENATE("-",M29)),IF(N29="","",CONCATENATE("-",N29)),IF(O29="","",CONCATENATE("-",O29)),IF(P29="","",CONCATENATE("-",P29)),IF(Q29="","",Q29)) -> bc-prod-dcsvrXX | W29: bc-p-dcsrvX | X29: IP associato | AK29: proxy
D30: Domain Controller - Server di dominio PdL | J30: bc | K30: prod | P30: dcpdl | Q30: XX | S30: =CONCATENATE(J30,"-",K30,IF(L30="","",CONCATENATE("-",L30)),IF(M30="","",CONCATENATE("-",M30)),IF(N30="","",CONCATENATE("-",N30)),IF(O30="","",CONCATENATE("-",O30)),IF(P30="","",CONCATENATE("-",P30)),IF(Q30="","",Q30)) -> bc-prod-dcpdlXX | W30: bc-p-dcpdlX | X30: IP associato | AK30: pvs | AL30: provisioning
B31: Dominio mv applicative servizi EU non esposti su Internet | D31: Vip eu | J31: bc | K31: prod | L31: eu | N31: int | P31: vip | S31: =CONCATENATE(J31,"-",K31,IF(L31="","",CONCATENATE("-",L31)),IF(M31="","",CONCATENATE("-",M31)),IF(N31="","",CONCATENATE("-",N31)),IF(O31="","",CONCATENATE("-",O31)),IF(P31="","",CONCATENATE("-",P31)),IF(Q31="","",Q31)) -> bc-prod-eu-int-vip | X31: eusie118.psn-ares.it | AK31: sn
D32: Active Directory - LDAP | J32: bc | K32: prod | M32: app | P32: ad | Q32: XX | S32: =CONCATENATE(J32,"-",K32,IF(L32="","",CONCATENATE("-",L32)),IF(M32="","",CONCATENATE("-",M32)),IF(N32="","",CONCATENATE("-",N32)),IF(O32="","",CONCATENATE("-",O32)),IF(P32="","",CONCATENATE("-",P32)),IF(Q32="","",Q32)) -> bc-prod-app-adXX | W32: bc-p-app-adX | X32: IP associato | AK32: snrid
D33: Mail Exchanger (Relay) | J33: bc | K33: prod | P33: mail | Q33: XX | S33: =CONCATENATE(J33,"-",K33,IF(L33="","",CONCATENATE("-",L33)),IF(M33="","",CONCATENATE("-",M33)),IF(N33="","",CONCATENATE("-",N33)),IF(O33="","",CONCATENATE("-",O33)),IF(P33="","",CONCATENATE("-",P33)),IF(Q33="","",Q33)) -> bc-prod-mailXX | X33: Non Creata | AK33: switch
D34: Reverse Proxy | J34: bc | K34: prod | L34: eu | P34: proxy | Q34: XX | S34: =CONCATENATE(J34,"-",K34,IF(L34="","",CONCATENATE("-",L34)),IF(M34="","",CONCATENATE("-",M34)),IF(N34="","",CONCATENATE("-",N34)),IF(O34="","",CONCATENATE("-",O34)),IF(P34="","",CONCATENATE("-",P34)),IF(Q34="","",Q34)) -> bc-prod-eu-proxyXX | X34: IP associato | AK34: tdm
D35: Controller AS | J35: bc | K35: prod | O35: soeu | P35: ctrl | Q35: XX | S35: =CONCATENATE(J35,"-",K35,IF(L35="","",CONCATENATE("-",L35)),IF(M35="","",CONCATENATE("-",M35)),IF(N35="","",CONCATENATE("-",N35)),IF(O35="","",CONCATENATE("-",O35)),IF(P35="","",CONCATENATE("-",P35)),IF(Q35="","",Q35)) -> bc-prod-soeu-ctrlXX | X35: IP associato | AK35: vip
D36: Worker di gestione | J36: bc | K36: prod | O36: soeu | P36: wrk | Q36: XX | S36: =CONCATENATE(J36,"-",K36,IF(L36="","",CONCATENATE("-",L36)),IF(M36="","",CONCATENATE("-",M36)),IF(N36="","",CONCATENATE("-",N36)),IF(O36="","",CONCATENATE("-",O36)),IF(P36="","",CONCATENATE("-",P36)),IF(Q36="","",Q36)) -> bc-prod-soeu-wrkXX | X36: IP associato | AK36: wrk
D37: Worker di autenticazione | J37: bc | K37: prod | L37: eu | O37: auth | P37: wrk | Q37: XX | S37: =CONCATENATE(J37,"-",K37,IF(L37="","",CONCATENATE("-",L37)),IF(M37="","",CONCATENATE("-",M37)),IF(N37="","",CONCATENATE("-",N37)),IF(O37="","",CONCATENATE("-",O37)),IF(P37="","",CONCATENATE("-",P37)),IF(Q37="","",Q37)) -> bc-prod-eu-auth-wrkXX | X37: IP associato | AK37: nfs | AL37: condivisione risorse - ortofoto
D38: Worker di servizio | J38: bc | K38: prod | L38: eu | O38: cache | P38: wrk | Q38: XX | S38: =CONCATENATE(J38,"-",K38,IF(L38="","",CONCATENATE("-",L38)),IF(M38="","",CONCATENATE("-",M38)),IF(N38="","",CONCATENATE("-",N38)),IF(O38="","",CONCATENATE("-",O38)),IF(P38="","",CONCATENATE("-",P38)),IF(Q38="","",Q38)) -> bc-prod-eu-cache-wrkXX | X38: IP associato | AK38: biai
D39: Worker di integrazione telefonica | S39: =CONCATENATE(J39,"-",K39,IF(L39="","",CONCATENATE("-",L39)),IF(M39="","",CONCATENATE("-",M39)),IF(N39="","",CONCATENATE("-",N39)),IF(O39="","",CONCATENATE("-",O39)),IF(P39="","",CONCATENATE("-",P39)),IF(Q39="","",Q39)) -> - | AK39: core
D40: Ortofoto | J40: bc | K40: prod | L40: eu | P40: nfs | S40: =CONCATENATE(J40,"-",K40,IF(L40="","",CONCATENATE("-",L40)),IF(M40="","",CONCATENATE("-",M40)),IF(N40="","",CONCATENATE("-",N40)),IF(O40="","",CONCATENATE("-",O40)),IF(P40="","",CONCATENATE("-",P40)),IF(Q40="","",Q40)) -> bc-prod-eu-nfs
B41: Dominio mv applicative NON EU | D41: VIP non eu | J41: bc | K41: prod | L41: neu | N41: int | P41: vip | S41: =CONCATENATE(J41,"-",K41,IF(L41="","",CONCATENATE("-",L41)),IF(M41="","",CONCATENATE("-",M41)),IF(N41="","",CONCATENATE("-",N41)),IF(O41="","",CONCATENATE("-",O41)),IF(P41="","",CONCATENATE("-",P41)),IF(Q41="","",Q41)) -> bc-prod-neu-int-vip | X41: neusie118.psn-ares.it
D42: Reverse Proxy | J42: bc | K42: prod | L42: neu | P42: proxy | Q42: XX | S42: =CONCATENATE(J42,"-",K42,IF(L42="","",CONCATENATE("-",L42)),IF(M42="","",CONCATENATE("-",M42)),IF(N42="","",CONCATENATE("-",N42)),IF(O42="","",CONCATENATE("-",O42)),IF(P42="","",CONCATENATE("-",P42)),IF(Q42="","",Q42)) -> bc-prod-neu-proxyXX | X42: IP associato
D43: Domain Controller - non eu | J43: bc | K43: prod | O43: soneu | P43: ctrl | Q43: XX | S43: =CONCATENATE(J43,"-",K43,IF(L43="","",CONCATENATE("-",L43)),IF(M43="","",CONCATENATE("-",M43)),IF(N43="","",CONCATENATE("-",N43)),IF(O43="","",CONCATENATE("-",O43)),IF(P43="","",CONCATENATE("-",P43)),IF(Q43="","",Q43)) -> bc-prod-soneu-ctrlXX | X43: IP associato
D44: Worker di autenticazione | J44: bc | K44: prod | L44: neu | O44: auth | P44: wrk | Q44: XX | S44: =CONCATENATE(J44,"-",K44,IF(L44="","",CONCATENATE("-",L44)),IF(M44="","",CONCATENATE("-",M44)),IF(N44="","",CONCATENATE("-",N44)),IF(O44="","",CONCATENATE("-",O44)),IF(P44="","",CONCATENATE("-",P44)),IF(Q44="","",Q44)) -> bc-prod-neu-auth-wrkXX
D45: Worker di servizio | J45: bc | K45: prod | L45: neu | O45: cache | P45: wrk | Q45: XX | S45: =CONCATENATE(J45,"-",K45,IF(L45="","",CONCATENATE("-",L45)),IF(M45="","",CONCATENATE("-",M45)),IF(N45="","",CONCATENATE("-",N45)),IF(O45="","",CONCATENATE("-",O45)),IF(P45="","",CONCATENATE("-",P45)),IF(Q45="","",Q45)) -> bc-prod-neu-cache-wrkXX | X45: IP associato
D46: Worker di gestione non eu | J46: bc | K46: prod | O46: soneu | P46: wrk | Q46: XX | S46: =CONCATENATE(J46,"-",K46,IF(L46="","",CONCATENATE("-",L46)),IF(M46="","",CONCATENATE("-",M46)),IF(N46="","",CONCATENATE("-",N46)),IF(O46="","",CONCATENATE("-",O46)),IF(P46="","",CONCATENATE("-",P46)),IF(Q46="","",Q46)) -> bc-prod-soneu-wrkXX | X46: IP associato
B47: Dominio mv di cooperazione applicativa e servizi esposti su Internet | D47: Vip pub. | J47: bc | K47: prod | N47: ext | P47: vip | S47: =CONCATENATE(J47,"-",K47,IF(L47="","",CONCATENATE("-",L47)),IF(M47="","",CONCATENATE("-",M47)),IF(N47="","",CONCATENATE("-",N47)),IF(O47="","",CONCATENATE("-",O47)),IF(P47="","",CONCATENATE("-",P47)),IF(Q47="","",Q47)) -> bc-prod-ext-vip | X47: extsie118.psn-ares.it
D48: Reverse Proxy - servizi esposti | J48: bc | K48: prod | L48: pub | P48: proxy | Q48: XX | S48: =CONCATENATE(J48,"-",K48,IF(L48="","",CONCATENATE("-",L48)),IF(M48="","",CONCATENATE("-",M48)),IF(N48="","",CONCATENATE("-",N48)),IF(O48="","",CONCATENATE("-",O48)),IF(P48="","",CONCATENATE("-",P48)),IF(Q48="","",Q48)) -> bc-prod-pub-proxyXX | X48: IP associato
D49: Domain Controller - servizi esposti | J49: bc | K49: prod | O49: ws | P49: ctrl | Q49: XX | S49: =CONCATENATE(J49,"-",K49,IF(L49="","",CONCATENATE("-",L49)),IF(M49="","",CONCATENATE("-",M49)),IF(N49="","",CONCATENATE("-",N49)),IF(O49="","",CONCATENATE("-",O49)),IF(P49="","",CONCATENATE("-",P49)),IF(Q49="","",Q49)) -> bc-prod-ws-ctrlXX | X49: IP associato
D50: Domain Controller - servizi esposti | J50: bc | K50: prod | O50: fe | P50: ctrl | Q50: XX | S50: =CONCATENATE(J50,"-",K50,IF(L50="","",CONCATENATE("-",L50)),IF(M50="","",CONCATENATE("-",M50)),IF(N50="","",CONCATENATE("-",N50)),IF(O50="","",CONCATENATE("-",O50)),IF(P50="","",CONCATENATE("-",P50)),IF(Q50="","",Q50)) -> bc-prod-fe-ctrlXX | X50: IP associato
D51: Worker - Front end | J51: bc | K51: prod | O51: fe | P51: wrk | Q51: XX | S51: =CONCATENATE(J51,"-",K51,IF(L51="","",CONCATENATE("-",L51)),IF(M51="","",CONCATENATE("-",M51)),IF(N51="","",CONCATENATE("-",N51)),IF(O51="","",CONCATENATE("-",O51)),IF(P51="","",CONCATENATE("-",P51)),IF(Q51="","",Q51)) -> bc-prod-fe-wrkXX | X51: IP associato
D52: Worker - Interfaccia WS | J52: bc | K52: prod | O52: ws | P52: wrk | Q52: XX | S52: =CONCATENATE(J52,"-",K52,IF(L52="","",CONCATENATE("-",L52)),IF(M52="","",CONCATENATE("-",M52)),IF(N52="","",CONCATENATE("-",N52)),IF(O52="","",CONCATENATE("-",O52)),IF(P52="","",CONCATENATE("-",P52)),IF(Q52="","",Q52)) -> bc-prod-ws-wrkXX | X52: IP associato
B53: Dominio mv mobile | D53: Vip mob. | J53: bc | K53: prod | N53: mob | P53: vip | S53: =CONCATENATE(J53,"-",K53,IF(L53="","",CONCATENATE("-",L53)),IF(M53="","",CONCATENATE("-",M53)),IF(N53="","",CONCATENATE("-",N53)),IF(O53="","",CONCATENATE("-",O53)),IF(P53="","",CONCATENATE("-",P53)),IF(Q53="","",Q53)) -> bc-prod-mob-vip | X53: mobsie118.psn-ares.it
D54: Reverse Proxy - servizi mobile | J54: bc | K54: prod | L54: tb | P54: proxy | Q54: XX | S54: =CONCATENATE(J54,"-",K54,IF(L54="","",CONCATENATE("-",L54)),IF(M54="","",CONCATENATE("-",M54)),IF(N54="","",CONCATENATE("-",N54)),IF(O54="","",CONCATENATE("-",O54)),IF(P54="","",CONCATENATE("-",P54)),IF(Q54="","",Q54)) -> bc-prod-tb-proxyXX | X54: IP associato
D55: Domain Controller - servizi mobile | J55: bc | K55: prod | O55: tbt | P55: ctrl | Q55: XX | S55: =CONCATENATE(J55,"-",K55,IF(L55="","",CONCATENATE("-",L55)),IF(M55="","",CONCATENATE("-",M55)),IF(N55="","",CONCATENATE("-",N55)),IF(O55="","",CONCATENATE("-",O55)),IF(P55="","",CONCATENATE("-",P55)),IF(Q55="","",Q55)) -> bc-prod-tbt-ctrlXX | X55: IP associato
D56: Worker servizi mobile | J56: bc | K56: prod | O56: tbt | P56: wrk | Q56: XX | S56: =CONCATENATE(J56,"-",K56,IF(L56="","",CONCATENATE("-",L56)),IF(M56="","",CONCATENATE("-",M56)),IF(N56="","",CONCATENATE("-",N56)),IF(O56="","",CONCATENATE("-",O56)),IF(P56="","",CONCATENATE("-",P56)),IF(Q56="","",Q56)) -> bc-prod-tbt-wrkXX | X56: IP associato
D57: Database servizi mobile - Mongo DB | J57: bc | K57: prod | P57: dbdoc | Q57: XX | S57: =CONCATENATE(J57,"-",K57,IF(L57="","",CONCATENATE("-",L57)),IF(M57="","",CONCATENATE("-",M57)),IF(N57="","",CONCATENATE("-",N57)),IF(O57="","",CONCATENATE("-",O57)),IF(P57="","",CONCATENATE("-",P57)),IF(Q57="","",Q57)) -> bc-prod-dbdocXX | X57: IP associato
B58: Dominio mv telefonia | D58: Centrale Telefonica di dissuasione - Asterisk | J58: bc | K58: prod | L58: eu | M58: tel | P58: ast | Q58: XX | S58: =CONCATENATE(J58,"-",K58,IF(L58="","",CONCATENATE("-",L58)),IF(M58="","",CONCATENATE("-",M58)),IF(N58="","",CONCATENATE("-",N58)),IF(O58="","",CONCATENATE("-",O58)),IF(P58="","",CONCATENATE("-",P58)),IF(Q58="","",Q58)) -> bc-prod-eu-tel-astXX
D59: IPPhone Server | J59: bc | K59: prod | L59: eu | M59: tel | P59: pvs | Q59: XX | S59: =CONCATENATE(J59,"-",K59,IF(L59="","",CONCATENATE("-",L59)),IF(M59="","",CONCATENATE("-",M59)),IF(N59="","",CONCATENATE("-",N59)),IF(O59="","",CONCATENATE("-",O59)),IF(P59="","",CONCATENATE("-",P59)),IF(Q59="","",Q59)) -> bc-prod-eu-tel-pvsXX | W59: bc-peutel-pvsX | X59: IP associato
D60: Call Logging - PostgreSQL | J60: psn | K60: prod | L60: eu | M60: tel | P60: dbcll | Q60: XX | S60: =CONCATENATE(J60,"-",K60,IF(L60="","",CONCATENATE("-",L60)),IF(M60="","",CONCATENATE("-",M60)),IF(N60="","",CONCATENATE("-",N60)),IF(O60="","",CONCATENATE("-",O60)),IF(P60="","",CONCATENATE("-",P60)),IF(Q60="","",Q60)) -> psn-prod-eu-tel-dbcllXX | X60: IP associato
D61: Contact Center MiCC Mitel + SQL Server Std | J61: bc | K61: prod | L61: eu | M61: tel | P61: micc | Q61: XX | S61: =CONCATENATE(J61,"-",K61,IF(L61="","",CONCATENATE("-",L61)),IF(M61="","",CONCATENATE("-",M61)),IF(N61="","",CONCATENATE("-",N61)),IF(O61="","",CONCATENATE("-",O61)),IF(P61="","",CONCATENATE("-",P61)),IF(Q61="","",Q61)) -> bc-prod-eu-tel-miccXX | W61: bc-peutel-micX | X61: IP associato
D62: OAS MiCC | J62: bc | K62: prod | L62: eu | M62: tel | P62: oas | Q62: XX | S62: =CONCATENATE(J62,"-",K62,IF(L62="","",CONCATENATE("-",L62)),IF(M62="","",CONCATENATE("-",M62)),IF(N62="","",CONCATENATE("-",N62)),IF(O62="","",CONCATENATE("-",O62)),IF(P62="","",CONCATENATE("-",P62)),IF(Q62="","",Q62)) -> bc-prod-eu-tel-oasXX | W62: bc-peutel-oasX | X62: IP associato
B63: Dominio Business Intelligence | D63: BI AI | J63: bc | K63: prod | P63: biai | Q63: XX | S63: =CONCATENATE(J63,"-",K63,IF(L63="","",CONCATENATE("-",L63)),IF(M63="","",CONCATENATE("-",M63)),IF(N63="","",CONCATENATE("-",N63)),IF(O63="","",CONCATENATE("-",O63)),IF(P63="","",CONCATENATE("-",P63)),IF(Q63="","",Q63)) -> bc-prod-biaiXX
B64: Dominio mv registrazione | D64: Recorder - EvoIP ASC | J64: ac | K64: prod | L64: eu | M64: rec | P64: evoip | Q64: 01 | S64: =CONCATENATE(J64,"-",K64,IF(L64="","",CONCATENATE("-",L64)),IF(M64="","",CONCATENATE("-",M64)),IF(N64="","",CONCATENATE("-",N64)),IF(O64="","",CONCATENATE("-",O64)),IF(P64="","",CONCATENATE("-",P64)),IF(Q64="","",Q64)) -> ac-prod-eu-rec-evoip01 | W64: bc-peurec-eipX | X64: IP associato
D65: Recorder - EvoIP ASC (inserita in via eccezionale per fare l'esempio ac/pm) | J65: pm | K65: prod | L65: eu | M65: rec | P65: evoip | Q65: 02 | S65: =CONCATENATE(J65,"-",K65,IF(L65="","",CONCATENATE("-",L65)),IF(M65="","",CONCATENATE("-",M65)),IF(N65="","",CONCATENATE("-",N65)),IF(O65="","",CONCATENATE("-",O65)),IF(P65="","",CONCATENATE("-",P65)),IF(Q65="","",Q65)) -> pm-prod-eu-rec-evoip02 | W65: bc-peurec-eipX | X65: IP associato
D66: Database Recorder - EvoIP - PostgreSQL | J66: ac | K66: prod | L66: eu | M66: rec | P66: db | Q66: XX | S66: =CONCATENATE(J66,"-",K66,IF(L66="","",CONCATENATE("-",L66)),IF(M66="","",CONCATENATE("-",M66)),IF(N66="","",CONCATENATE("-",N66)),IF(O66="","",CONCATENATE("-",O66)),IF(P66="","",CONCATENATE("-",P66)),IF(Q66="","",Q66)) -> ac-prod-eu-rec-dbXX | W66: bc-peurec-dbX | X66: IP associato
D67: Recorder - NAS | J67: bc | K67: prod | L67: eu | M67: rec | P67: nas | Q67: XX | S67: =CONCATENATE(J67,"-",K67,IF(L67="","",CONCATENATE("-",L67)),IF(M67="","",CONCATENATE("-",M67)),IF(N67="","",CONCATENATE("-",N67)),IF(O67="","",CONCATENATE("-",O67)),IF(P67="","",CONCATENATE("-",P67)),IF(Q67="","",Q67)) -> bc-prod-eu-rec-nasXX | X67: IP associato
D68: VM Neo Core | J68: bc | K68: prod | L68: eu | M68: rec | P68: core | Q68: XX | S68: =CONCATENATE(J68,"-",K68,IF(L68="","",CONCATENATE("-",L68)),IF(M68="","",CONCATENATE("-",M68)),IF(N68="","",CONCATENATE("-",N68)),IF(O68="","",CONCATENATE("-",O68)),IF(P68="","",CONCATENATE("-",P68)),IF(Q68="","",Q68)) -> bc-prod-eu-rec-coreXX | W68: bc-peurec-core | X68: IP associato
B69: Housing | D69: Recorder EMERGENZA/URGENZA sito ACILIA | J69: ac | K69: prod | L69: eu | M69: rec | P69: tdm | Q69: XX | S69: =CONCATENATE(J69,"-",K69,IF(L69="","",CONCATENATE("-",L69)),IF(M69="","",CONCATENATE("-",M69)),IF(N69="","",CONCATENATE("-",N69)),IF(O69="","",CONCATENATE("-",O69)),IF(P69="","",CONCATENATE("-",P69)),IF(Q69="","",Q69)) -> ac-prod-eu-rec-tdmXX | X69: IP associato
D70: Recorder NON Emergenza/Urgenza sito ACILIA | J70: ac | K70: prod | L70: neu | M70: rec | P70: tdm | Q70: XX | S70: =CONCATENATE(J70,"-",K70,IF(L70="","",CONCATENATE("-",L70)),IF(M70="","",CONCATENATE("-",M70)),IF(N70="","",CONCATENATE("-",N70)),IF(O70="","",CONCATENATE("-",O70)),IF(P70="","",CONCATENATE("-",P70)),IF(Q70="","",Q70)) -> ac-prod-neu-rec-tdmXX | X70: IP associato
D71: switch URG #1 Acilia | J71: ac | K71: prod | L71: eu | M71: tel | P71: switch | Q71: XX | S71: =CONCATENATE(J71,"-",K71,IF(L71="","",CONCATENATE("-",L71)),IF(M71="","",CONCATENATE("-",M71)),IF(N71="","",CONCATENATE("-",N71)),IF(O71="","",CONCATENATE("-",O71)),IF(P71="","",CONCATENATE("-",P71)),IF(Q71="","",Q71)) -> ac-prod-eu-tel-switchXX | X71: IP associato
D72: Service Node 1 Primario - EMERGENZA/URGENZA | J72: ac | K72: prod | L72: eu | M72: tel | P72: sn | Q72: XX | S72: =CONCATENATE(J72,"-",K72,IF(L72="","",CONCATENATE("-",L72)),IF(M72="","",CONCATENATE("-",M72)),IF(N72="","",CONCATENATE("-",N72)),IF(O72="","",CONCATENATE("-",O72)),IF(P72="","",CONCATENATE("-",P72)),IF(Q72="","",Q72)) -> ac-prod-eu-tel-snXX | X72: IP associato
D73: Service Node 1 Ridondanza - EMERGENZA/URGENZA | J73: ac | K73: prod | L73: eu | M73: tel | P73: snrid | Q73: XX | S73: =CONCATENATE(J73,"-",K73,IF(L73="","",CONCATENATE("-",L73)),IF(M73="","",CONCATENATE("-",M73)),IF(N73="","",CONCATENATE("-",N73)),IF(O73="","",CONCATENATE("-",O73)),IF(P73="","",CONCATENATE("-",P73)),IF(Q73="","",Q73)) -> ac-prod-eu-tel-snridXX | X73: IP associato
T76: Nome host che fa eccezione a causa della limitazione di caratteri (15 max) del SO Windows.
T77: Nome host che fa eccezione nonostante S.O. NON Windows per coerenza rispetto alle altre macchine nel contesto (Componenti Ex Solidus).
T78: Nome host che fa eccezione sui caratteri di numerazione, i quali fanno riferimento all'ultimo byte dell'indirizzo IP.

Sheet DB
L1: 2024.06.10 - PSN PaaS DB Oracle - Template info Clienti V7 - Ares118 wave2.xlsx | M1: Ultima richiesta per Paas
A2: Database
A3: IP da Tenant Ised | B3: IP da SED | C3: Porta | D3: ServiceName | E3: SID | F3: User | G3: DB Unique Name | H3: PDB | I3: Tenant | J3: Etichetta
A4: 100.67.102.9 | B4: 10.58.3.252 | C4: 1521 | D4: s_sieprod_pdb_sie118.psnexaac.it | E4: - | F4: pa_admin | G4: SIEPROD | H4: SIE118 | I4: PSN02884971 | J4: Prod
A5: 100.67.102.9 | B5: 10.58.3.252 | C5: 1521 | D5: s_sieprod_pdb_dwh118.psnexaac.it | E5: - | F5: pa_admin | G5: SIEPROD | H5: DWH118 | I5: PSN02884971 | J5: Prod DWH
A6: 100.67.102.9 | B6: 10.58.3.252 | C6: 1521 | D6: s_sieform_pdb_testsie.psnexaac.it | E6: - | F6: pa_admin | G6: SIEFORM | H6: TESTSIE | I6: PSN02879104 | J6: TEST-COLL EU
A7: 100.67.102.9 | B7: 10.58.3.252 | C7: 1521 | D7: s_sieform_pdb_svilsie.psnexaac.it | F7: pa_admin | G7: SIEFORM | H7: SVILSIE | I7: PSN02879104 | J7: TEST-COLL EU
A8: 100.67.102.9 | B8: 10.58.3.252 | C8: 1521 | D8: s_sieform_pdb_demosie.psnexaac.it | F8: pa_admin | G8: SIEFORM | H8: DEMOSIE | I8: PSN02879104 | J8: TEST-COLL EU
A9: 100.67.102.9 | B9: 10.58.3.252 | C9: 1521 | D9: s_sieform_pdb_dwhform.psnexaac.it | F9: pa_admin | G9: SIEFORM | H9: DWHFORM | I9: PSN02879104 | J9: TEST-COLL EU
A11: Area di Staging
A12: IP da Tenant Ised | B12: IP da SED | C12: Porta | D12: Utente | G12: Visibile da:
A13: 192.18.226.16 | B13: 10.58.3.252 | C13: 8022 | D13: vmtranster118prod | G13: SIE118 e DWH118
A14: 192.18.226.16 | B14: 10.58.3.252 | C14: 8022 | D14: vmtranster118test | G14: TEST/SVIL/DEMO/DWHForm

Sheet Summary
B2: Anagrafica delle subnet
A3: HOUSING + SEDI CLIENTE
A4: Nome | C4: Subnet | D4: ID | E4: Descrizione
A5: #VALUE! | B5: DC Acilia Housing Dati | C5: 192.168.210.0/25 - 255.255.255.128 | D5: 001 | E5: Dati
A6: #VALUE! | B6: DC Acilia Housing Voip | C6: 192.168.210.128/25 - 255.255.255.128 | D6: 002 | E6: VoIP
A7: #VALUE! | B7: DC Acilia Housing Mng | C7: 192.168.241.0/27 - 255.255.255.224 | D7: 003 | E7: Management
A8: #VALUE! | B8: DC Pomezia Housing Dati | C8: 192.168.220.0/25 - 255.255.255.128 | D8: 004 | E8: Dati
A9: #VALUE! | B9: DC Pomezia Housing Voip | C9: 192.168.220.128/25 - 255.255.255.128 | D9: 005 | E9: VoIP
A10: #VALUE! | B10: DC Pomezia Housing Mng | C10: 192.168.241.32/27 - 255.255.255.224 | D10: 006 | E10: Management
A11: #VALUE! | B11: DC S.Stefano Housing Dati | C11: 192.168.230.0/25 - 255.255.255.128 | D11: 101 | E11: Dati
A12: #VALUE! | B12: DC S.Stefano Housing Voip | C12: 192.168.230.128/25 - 255.255.255.128 | D12: 102 | E12: VoIP
A13: #VALUE! | B13: DC S.Stefano Housing Mng | C13: 192.168.241.64/27 - 255.255.255.224 | D13: 103 | E13: Management
A14: #VALUE! | B14: CO Roma S.Camillo Dati | C14: 192.168.181.0/24 - 255.255.255.0 | D14: 007 | E14: Dati
A15: #VALUE! | B15: CO Roma S.Camillo Voip | C15: 192.168.191.0/24 - 255.255.255.0 | D15: 008 | E15: VoIP
A16: #VALUE! | B16: CO Roma S.Camillo Voip DR | C16: 192.168.211.0/24 - 255.255.255.0 | D16: 108 | E16: VoIP
... A30: #VALUE! | B30: CO Anagnina1 Voip | C30: 192.168.196.0/24 - 255.255.255.0 | D30: 018 | E30: VoIP
B31: CO Anagnina1 Voip DR | C31: 192.168.217.0/24 - 255.255.255.0 ??? | D31: 118 ?
B32: CO Anagnina2 Dati | E32: Dati
B33: CO Anagnina2 Voip | E33: VoIP
B34: CO Anagnina2 Roma Nuova Centrale Operativa (Ipotetica) | C34: 192.168.212.0/24 - 255.255.255.0 | D34: ??? | E34: VoIP
A35: TENANT ISED SUPERNET 10.58.0.0/16
A36: IAAS - PRODUZIONE EMERGENZA/URGENZA - 10.58.0.0 /18
A37: #VALUE! | B37: VNET_vip_10-58-1-0 | C37: 10.58.1.0/24 - 255.255.255.0 | D37: 019 | E37: VIP L4 su edge router
A38: #VALUE! | B38: VNET_idm-ipa_10-58-3-0 | C38: 10.58.3.0/24 - 255.255.255.0 | D38: 020 | E38: Ipa, SSO
A39: #VALUE! | B39: VNET_idm-ad_10-58-4-0 | C39: 10.58.4.0/24 - 255.255.255.0 | D39: 021 | E39: Gruppo AD - LDAP / GPO PDL e TABLET - DHCP PDL
A40: #VALUE! | B40: VNET_monitor_10-58-10-0 | C40: 10.58.10.0/24 - 255.255.255.0 | D40: 022 | E40: Monitoraggio, mail relay
A41: #VALUE! | B41: VNET_sist-tel-eu_10-58-20-0 | C41: 10.58.20.0/24 - 255.255.255.0 | D41: 023 | E41: Sist. Telefonico - EU
A42: #VALUE! | B42: VNET_sist-reg-eu_10-58-25-0 | C42: 10.58.25.0/24 - 255.255.255.0 | D42: 024 | E42: Sist. Registrazione - EU
A43: #VALUE! | B43: VNET_proxy-eu-app_10-58-30-0 | C43: 10.58.30.0/24 - 255.255.255.0 | D43: 025 | E43: Gruppo Proxy EU
A44: #VALUE! | B44: VNET_backend-eu_10-58-31-0 | C44: 10.58.31.0/24 - 255.255.255.0 | D44: 026 | E44: Gruppo Backend - EU
A45: #VALUE! | B45: VNET_db-eu_10-58-32-0 | C45: 10.58.32.0/24 - 255.255.255.0 | D45: 027 | E45: Database Applicazione
A46: #VALUE! | B46: VNET_eu-auth_10-58-33-0 | C46: 10.58.33.0/24 - 255.255.255.0 | D46: 028 | E46: Gruppo Auth SIE (Trasversale per SSO in EU/NEU)
A47: #VALUE! | B47: VNET_proxy-eu-tbl_10-58-40-0 | C47: 10.58.40.0/24 - 255.255.255.0 | D47: 029 | E47: Gruppo Proxy Tablet
A48: #VALUE! | B48: VNET_backend-eu-tbl_10-58-41-0 | C48: 10.58.41.0/24 - 255.255.255.0 | D48: 030 | E48: Gruppo Backend Tablet
... A51: #VALUE! | B51: VNET_backend-eu-fe_10-58-61-0 | C51: 10.58.61.0/24 - 255.255.255.0 | D51: 033 | E51: Gruppo Backend Frontend
A52: IAAS - PRODUZIONE NON URGENZA - 10.58.64.0/18
A53: #VALUE! | B53: VNET_vip_10-58-65-0 | C53: 10.58.65.0/24 - 255.255.255.0 | D53: 035 | E53: VIP L4 su edge router
A54: #VALUE! | B54: VNET_monitor_10-58-70-0 | C54: 10.58.70.0/24 - 255.255.255.0 | D54: 040 | E54: Monitoraggio, mail relay
A55: #VALUE! | B55: VNET_sist-tel-neu_10-58-80-0 | C55: 10.58.80.0/24 - 255.255.255.0 | D55: 041 | E55: Sist. Tel. - NEU
A56: #VALUE! | B56: VNET_sist-reg-neu_10-58-85-0 | C56: 10.58.85.0/24 - 255.255.255.0 | D56: 042 | E56: Sist. Reg. - NEU
A57: #VALUE! | B57: VNET_proxy-neu_10-58-90-0 | C57: 10.58.90.0/24 - 255.255.255.0 | D57: 043 | E57: Gruppo Proxy NEU
A58: #VALUE! | B58: VNET_backend-neu_10-58-91-0 | C58: 10.58.91.0/24 - 255.255.255.0 | D58: 044 | E58: Gruppo Backend - NEU + Spark Power BI
A59: #VALUE! | B59: VNET_neu-auth_10-58-93-0 | C59: 10.58.93.0/24 - 255.255.255.0 | D59: 045 | E59: Gruppo Auth NEU
A60: #VALUE! | B60: VNET_storico_10-58-118-0 | C60: 10.58.118.0/24 - 255.255.255.0 | D60: 046 | E60: Storico
A61: COLLAUDO URGENZA - 10.58.128.0/18
A62: #VALUE! | B62: VNET_vip_10-58-131-0 | C62: 10.58.131.0/24 - 255.255.255.0 | D62: 060 | E62: VIP L4 su edge router
A63: #VALUE! | B63: VNET_idm-ipa_10-58-133-0 | C63: 10.58.133.0/24 - 255.255.255.0 | D63: 061 | E63: Ipa, SSO
A64: #VALUE! | B64: VNET_idm-ad_10-58-134-0 | C64: 10.58.134.0/24 - 255.255.255.0 | D64: 062 | E64: Gruppo AD - LDAP / GPO PDL e TABLET - DHCP PDL
A65: #VALUE! | B65: VNET_monitor_10-58-140-0 | C65: 10.58.140.0/24 - 255.255.255.0 | D65: 063 | E65: Monitoraggio, mail relay
A66: #VALUE! | B66: VNET_sist-tel-eu_10-58-150-0 | C66: 10.58.150.0/24 - 255.255.255.0 | D66: 064 | E66: Sist. Telefonico - EU
A67: #VALUE! | B67: VNET_sist-reg-eu_10-58-155-0 | C67: 10.58.155.0/24 - 255.255.255.0 | D67: 065 | E67: Sist. Registrazione - EU
A68: #VALUE! | B68: VNET_proxy-eu-app_10-58-160-0 | C68: 10.58.160.0/24 - 255.255.255.0 | D68: 066 | E68: Gruppo Proxy EU
A69: #VALUE! | B69: VNET_backend-eu_10-58-161-0 | C69: 10.58.161.0/24 - 255.255.255.0 | D69: 067 | E69: Gruppo Backend - EU
A70: #VALUE! | B70: VNET_db-eu_10-58-162-0 | C70: 10.58.162.0/24 - 255.255.255.0 | D70: 068 | E70: Database Applicazione
A71: #VALUE! | B71: VNET_eu-auth_10-58-163-0 | C71: 10.58.163.0/24 - 255.255.255.0 | D71: 069 | E71: Gruppo Auth SIE (Trasversale per SSO in EU/NEU)
A72: #VALUE! | B72: VNET_proxy-eu-tbl_10-58-170-0 | C72: 10.58.170.0/24 - 255.255.255.0 | D72: 070 | E72: Gruppo Proxy Tablet
A73: #VALUE! | B73: VNET_backend-eu-tbl_10-58-171-0 | C73: 10.58.171.0/24 - 255.255.255.0 | D73: 071 | E73: Gruppo Backend Tablet
... A76: #VALUE! | B76: VNET_backend-eu-fe_10-58-191-0 | C76: 10.58.191.0/24 - 255.255.255.0 | D76: 074 | E76: Gruppo Backend Frontend
A77: COLLAUDO NON URGENZA - 10.58.192.0/18
A78: #VALUE! | B78: VNET_vip_10-58-195-0 | C78: 10.58.195.0/24 - 255.255.255.0 | E78: VIP L4 su edge router
A79: #VALUE! | B79: VNET_monitor_10-58-200-0 | C79: 10.58.200.0/24 - 255.255.255.0 | D79: 075 | E79: Monitoraggio, mail relay
A80: #VALUE! | B80: VNET_sist-tel-neu_10-58-210-0 | C80: 10.58.210.0/24 - 255.255.255.0 | D80: 076 | E80: Sist. Tel. - NEU
A81: #VALUE! | B81: VNET_sist-reg-neu_10-58-215-0 | C81: 10.58.215.0/24 - 255.255.255.0 | D81: 077 | E81: Sist. Reg. - NEU
A82: #VALUE! | B82: VNET_proxy-neu_10-58-220-0 | C82: 10.58.220.0/24 - 255.255.255.0 | D82: 078 | E82: Gruppo Proxy NEU
A83: #VALUE! | B83: VNET_backend-neu_10-58-221-0 | C83: 10.58.221.0/24 - 255.255.255.0 | D83: 079 | E83: Gruppo Backend - NEU
A84: #VALUE! | B84: VNET_neu-auth_10-58-223-0 | C84: 10.58.223.0/24 - 255.255.255.0 | D84: 080 | E84: Gruppo Auth NEU
A86: WAF Leonardo 10.197.253.0/24
A87: #VALUE! | B87: Waf Leonardo | C87: 10.197.253.0/24 - 255.255.255.0 | D87: 000 | E87: WAF

Sheet Integrazioni
B2: WS EROGATI
B3: Integrazione | C3: URL | D3: Cluster - Server Group | E3: Metodo | F3: Note
B4: NUE - schedacontatto | C4: http://172.22.118.10/schedacontatto/NUEServiceBean?wsdl http://eu-sie.ares118.it/schedacontatto/NUEServiceBean | D4: Grp EU - Server g | E4: POST | F4: E' un servizio SOAP che contiene il metodo gestContatto.
B5: GIPSE WEB | C5: https://ext-sie.ares118.it/integrazione-gipse-web/api/v1/fhir/Encounter/{{oid}}/accetta | D5: Grp WS - server ws | E5: POST
C6: https://ext-sie.ares118.it/integrazione-gipse-web/api/v1/fhir/Encounter/{{oid}}/sblocco | D6: Grp WS - server ws | E6: POST
B7: POSTI LETTO | C7: https://ext-sie.ares118.it/pltrasp-ws/PostiLettoService | D7: Grp WS - server ws | E7: POST | F7: E' un servizio SOAP che contiene 3 metodi: listaReparti, modificaDisponibilita, plsie118alive
B8: DAE | C8: https://sie118.ised.it/integrazione-dae/dae/daeclients/listaultimieventi | D8: Grp WS - server ws | E8: POST | F8: non attivo
B12: WS INVOCATI
B13: Progetto | C13: Endpoint Chiamati | D13: Server Group | E13: Metodo | F13: Note | G13: IP
B14: integrazione-dae | C14: https://dae-int.ares118.it/SDODAEServices/rest/authenticationService/authenticateUser | D14: Grp WS - server ws | E14: POST | F14: LINK PER TESTARE SERVIZIO | G14: 10.197.253.16 (IP PSN)
F15: https://sie118.ised.it/integrazione-dae/dae/daeclients/provalogin
F16: https://sie118.ised.it/integrazione-dae/dae/daeclients/letturaevisualizzazione
C17: https://dae-int.ares118.it/SDODAEServices/rest/daeService/getAllDAE
C18: https://dae-int.ares118.it/SDODAEServices/rest/daeService/getAllDAEForMap
C19: https://dae-int.ares118.it/SDODAEServices/rest/daeService/getAllDAEgeoJSON
C20: https://dae-int.ares118.it/SDODAEServices/rest/endpointService/setEndpoints
C21: https://dae-int.ares118.it/SDODAEServices/rest/emergencyService/sendEmergencyEvent
C22: https://dae-int.ares118.it/SDODAEServices/rest/emergencyService/updateEvent
C23: https://dae-int.ares118.it/SDODAEServices/rest/emergencyService/closeEvent
C24: https://dae-int.ares118.it/SDODAEServices/rest/emergencyService/abortEvent
C25: https://dae-int.ares118.it/SDODAEServices/rest/emergencyService/getEventInterventionDetails
B26: integrazione-radio | C26: wss://10.110.7.100:8443/stream?apiKey=<API-KEY> | D26: Grp EU - Server g | G26: 10.110.7.100
C27: https://10.110.7.100:8443/rest/registrar/list?id=<id>&apiKey=<API-KEY> | E27: GET | G27: 10.110.7.100
B28: integrazione-gipse-web | C28: https://gates.regione.lazio.it/gates/fhir/Encounter/ | D28: Grp WS - server ws | E28: POST | G28: 10.7.4.43 ==> 10.13.96.13
C29: https://gates.regione.lazio.it/gates/fhir/Encounter/<id> | E29: DELETE | G29: 10.7.4.43 ==> 10.13.96.13
B30: gipse-integratore (affollamento) | C30: jdbc:oracle:thin:@gipse.sie118.ised.it:1521/poracle01 | D30: Grp EU - Server g | F30: Query sul DB Gipse | G30: 10.2.78.12

Sheet URL-VIP
B1: CLUSTER WILDFLY | C1: VIP | D1: URL
B2: EU (118 + TRAPIANTI) | C2: 10.118.150.25 | D2: https://eu-sie.ares118.it/gui/index.htm
B3: NEU (116117 + PLTRASP) | C3: 10.118.150.26 | D3: https://neu-sie.ares118.it/areariservata/
B4: POSTI LETTO EXT | C4: 10.118.150.27 | D4: https://ext-sie.ares118.it/pltrasp-fe/
B5: MOBILE | C5: 10.118.150.28 | D5: https://mobile-sie.ares118.it/client-mobile/mobileRealTimeTrackMod.jnlp
B6: WEBSERVICES
B7: EROGATORE NUE | C7: 10.118.150.27 | D7: https://ext-sie.ares118.it/pltrasp-ws/PostiLettoService
B8: EROGATORE GIPSE-WEB | D8: https://ext-sie.ares118.it/integrazione-gipse-web/api/v1/fhir/Encounter/{{oid}}/accetta
B9: EROGATORE GIPSE-WEB | D9: https://ext-sie.ares118.it/integrazione-gipse-web/api/v1/fhir/Encounter/{{oid}}/sblocco

Sheet OverviewSubnet
A1: Summary
B3: Label | C3: IP | D3: Hostname | E3: Descrizione | F3: Note | G3: Old_Hostname | H3: OrderNetwork | I3: Seq | J3: Colonna1
B4: Waf Leonardo | C4: 10.197.253.25 | D4: https://eu-sie.ares118.it | E4: 10.58.1.10 (sso-sie,mappe-eu-sie,tunnel-eu-sie) | F4: VIP AS-IS: 10.118.150.25 - Vip Ares 192.168.1.242 | H4: 000 | I4: 1 | J4: =VLOOKUP(OverviewSubnet[[#This Row],[Hostname]],#REF!,2,FALSE) -> #REF!
B5: Waf Leonardo | C5: 10.197.253.26 | D5: https://neu-sie.ares118.it | E5: 10.58.1.11 (tunnel-neu-sie) | F5: VIP AS-IS: 10.118.150.26 - Vip Ares 192.168.1.27 | H5: 000 | I5: 2 | J5: =VLOOKUP(OverviewSubnet[[#This Row],[Hostname]],#REF!,2,FALSE) -> #REF!
B6: Waf Leonardo | C6: 10.197.253.27 | D6: https://ext-sie.ares118.it | E6: 10.58.1.12 | F6: VIP AS-IS: 10.118.150.27 - Vip Ares 192.168.1.28 | H6: 000 | I6: 3 | J6: =VLOOKUP(OverviewSubnet[[#This Row],[Hostname]],#REF!,2,FALSE) -> #REF!
B7: Waf Leonardo | C7: 10.197.253.28 | D7: https://mobile-sie.ares118.it | E7: 10.58.1.13 | F7: VIP AS-IS: 10.118.150.28 - Vip Ares 192.168.1.33 | H7: 000 | I7: 4 | J7: =VLOOKUP(OverviewSubnet[[#This Row],[Hostname]],#REF!,2,FALSE) -> #REF!
B8: Waf Leonardo | C8: 10.197.253.30 | D8: http://172.22.118.10/schedacontatto/NUES… | E8: 10.58.1.10 per NUE 112 | H8: 000 | I8: 5 | J8: =VLOOKUP(OverviewSubnet[[#This Row],[Hostname]],#REF!,2,FALSE) -> #REF!
B9: Waf Leonardo | C9: 10.197.253.32 | D9: https://eu-testsie.ares118.it | E9: 10.58.131.10 (sso-sie,mappe-eu-sie,tunnel-eu-sie) | H9: 000 | I9: 6 | J9: =VLOOKUP(OverviewSubnet[[#This Row],[Hostname]],#REF!,2,FALSE) -> #REF!
B10: Waf Leonardo | C10: 10.197.253.33 | D10: https://neu-testsie.ares118.it | E10: 10.58.131.11 (tunnel-neu-sie) | H10: 000 | I10: 7 | J10: =VLOOKUP(OverviewSubnet[[#This Row],[Hostname]],#REF!,2,FALSE) -> #REF!
B11: Waf Leonardo | C11: 10.197.253.34 | D11: https://ext-testsie.ares118.it | E11: 10.58.131.12 | H11: 000 | I11: 8 | J11: =VLOOKUP(OverviewSubnet[[#This Row],[Hostname]],#REF!,2,FALSE) -> #REF!
B12: Waf Leonardo | C12: 10.197.253.35 | D12: https://mobile-testsie.ares118.it | E12: 10.58.131.13 | H12: 000 | I12: 9 | J12: =VLOOKUP(OverviewSubnet[[#This Row],[Hostname]],#REF!,2,FALSE) -> #REF!
B13: Waf Leonardo | C13: 10.197.253.36 | D13: https://stosie118.ares118.it/gui/index.htm https://stosan-rm.ares118.it/Segreteria/index.faces https://stosan-fr.ares118.it/Segreteria/index.faces https://stosan-lt.ares118.it/Segreteria/index.faces https://stosan-ri.ares118.it/Segreteria/index.faces https://stosan-vt.ares118.it/Segreteria/index.faces https://stolsan-rm.ares118.it/J118BackEndSegreteria/index.do https://stolsan-ri.ares118.it/J118BackEndSegreteria/index.do https://stolsan-fr.ares118.it/J118BackEndSegreteria/index.do https://stolsan-vt.ares118.it/J118BackEndSegreteria/index.do https://stolsan-lt.ares118.it/J118BackEndSegreteria/index.do | E13: - | F13: 10.58.1.23 | H13: 000 | I13: 10 | J13: =VLOOKUP(OverviewSubnet[[#This Row],[Hostname]],#REF!,2,FALSE) -> #VALUE!
B14: Waf Leonardo | C14: 10.197.253.37 | D14: https://bi-sie.ares118.it | H14: 000 | I14: 11 | J14: =VLOOKUP(OverviewSubnet[[#This Row],[Hostname]],#REF!,2,FALSE) -> #REF!
B15: VIP L4 su edge router | C15: 10.58.1.10 | D15: VIP 1 | E15: 10.197.253.25 - eu-sie.ares118.it | H15: 019 | I15: 12 | J15: =VLOOKUP(OverviewSubnet[[#This Row],[Hostname]],#REF!,2,FALSE) -> #REF!
B16: VIP L4 su edge router | C16: 10.58.1.11 | D16: VIP 2 | E16: 10.197.253.26 - neu-sie.ares118.it | H16: 019 | I16: 13 | J16: =VLOOKUP(OverviewSubnet[[#This Row],[Hostname]],#REF!,2,FALSE) -> #REF!
B17: VIP L4 su edge router | C17: 10.58.1.12 | D17: VIP 3 | E17: 10.197.253.27 - ext-sie.ares118.it | H17: 019 | I17: 14 | J17: =VLOOKUP(OverviewSubnet[[#This Row],[Hostname]],#REF!,2,FALSE) -> #REF!
B18: VIP L4 su edge router | C18: 10.58.1.13 | D18: VIP 4 | E18: 10.197.253.28 - mobile-sie.ares118.it | H18: 019 | I18: 15 | J18: =VLOOKUP(OverviewSubnet[[#This Row],[Hostname]],#REF!,2,FALSE) -> #REF!
B19: VIP L4 su edge router | C19: 10.58.1.20 | D19: VIP5 | E19: 10.197.253.36 stosie118.ares118.it (tunnel-stosie118, mappe-stosie118, sso-stosie118) | H19: 019 | I19: 16 | J19: =VLOOKUP(OverviewSubnet[[#This Row],[Hostname]],#REF!,2,FALSE) -> #REF!
B20: VIP L4 su edge router | C20: 10.58.1.21 | D20: VIP6 | E20: 10.197.253.36 stosan-rm.ares118.it (stosan-fr, stosan-lt, stosan-vt, stosan-ri) | H20: 019 | I20: 17 | J20: =VLOOKUP(OverviewSubnet[[#This Row],[Hostname]],#REF!,2,FALSE) -> #REF!
B21: VIP L4 su edge router | C21: 10.58.1.22 | D21: VIP7 | E21: 10.197.253.36 stolsan-rm.ares118.it (stolsan-fr, stolsan-lt, stolsan-vt, stolsan-ri) | H21: 019 | I21: 18 | J21: =VLOOKUP(OverviewSubnet[[#This Row],[Hostname]],#REF!,2,FALSE) -> #REF!
B22: VIP L4 su edge router | C22: 10.58.1.23 | D22: VIP8 | E22: 10.197.253.37 bi-sie.ares118.it | H22: 019 | I22: 19 | J22: =VLOOKUP(OverviewSubnet[[#This Row],[Hostname]],#REF!,2,FALSE) -> #REF!
B23: Ipa, SSO | C23: 10.58.3.4 | D23: bc-prod-ipa01 | E23: SSO di sistema | G23: urg-dc1 | H23: 020 | I23: 20 | J23: =VLOOKUP(OverviewSubnet[[#This Row],[Hostname]],#REF!,2,FALSE) -> #REF!
B24: Ipa, SSO | C24: 10.58.3.5 | D24: bc-prod-ipa02 | E24: SSO di sistema | G24: urg-dc2 | H24: 020 | I24: 21 | J24: =VLOOKUP(OverviewSubnet[[#This Row],[Hostname]],#REF!,2,FALSE) -> #REF!
B25: Ipa, SSO | C25: 10.58.3.6 | D25: urg-dns1 | E25: DNS INTERNO | F25: DA RINOMINARE IN - bc-prod-dns-01 | G25: urg-dns1 | H25: 020 | I25: 22 | J25: =VLOOKUP(OverviewSubnet[[#This Row],[Hostname]],#REF!,2,FALSE) -> #REF!
B26: Ipa, SSO | C26: 10.58.3.7 | D26: urg-dns2 | E26: DNS INTERNO | F26: DA RINOMINARE IN - bc-prod-dns-02 | G26: urg-dns2 | H26: 020 | I26: 23 | J26: =VLOOKUP(OverviewSubnet[[#This Row],[Hostname]],#REF!,2,FALSE) -> #REF!
B27: Ipa, SSO | C27: 10.58.3.252 | D27: fwd-proxy | E27: Forward Proxy | H27: 020 | I27: 24 | J27: =VLOOKUP(OverviewSubnet[[#This Row],[Hostname]],#REF!,2,FALSE) -> #REF!
B28: Ipa, SSO | C28: 10.58.3.253 | D28: kickstart-ca | E28: Reverse Proxy (Nginx KickStart) | H28: 020 | I28: 25 | J28: =VLOOKUP(OverviewSubnet[[#This Row],[Hostname]],#REF!,2,FALSE) -> #REF!
B29: Gruppo AD - LDAP / GPO PDL e TABLET - DHCP PDL | C29: 10.58.4.11 | D29: bc-p-app-ad1 | E29: Active Directory Applicazione - LDAP | F29: Windows server 2022 | G29: prod-urg-appad1 GIA' bc-prod-app-ad01 | H29: 021 | I29: 26 | J29: =VLOOKUP(OverviewSubnet[[#This Row],[Hostname]],#REF!,2,FALSE) -> #REF!
B30: Gruppo AD - LDAP / GPO PDL e TABLET - DHCP PDL | C30: 10.58.4.12 | D30: bc-p-app-ad2 | E30: Active Directory Applicazione - LDAP | F30: Windows server 2022 | G30: prod-urg-appad2 GIA' bc-prod-app-ad02 | H30: 021 | I30: 27 | J30: =VLOOKUP(OverviewSubnet[[#This Row],[Hostname]],#REF!,2,FALSE) -> #REF!
B31: Gruppo AD - LDAP / GPO PDL e TABLET - DHCP PDL | C31: 10.58.4.21 | D31: #bc-prod-dhcp01 | E31: #DHCP Client PDL | H31: 021 | I31: 28 | J31: =VLOOKUP(OverviewSubnet[[#This Row],[Hostname]],#REF!,2,FALSE) -> #REF!
B32: Gruppo AD - LDAP / GPO PDL e TABLET - DHCP PDL | C32: 10.58.4.31 | D32: #bc-p-dcpdl1 | E32: #Dominio/GPO PDL + DNS | F32: Windows server 2022 | G32: bc-prod-dcpdl01 | H32: 021 | I32: 29 | J32: =VLOOKUP(OverviewSubnet[[#This Row],[Hostname]],#REF!,2,FALSE) -> #REF!
B33: Gruppo AD - LDAP / GPO PDL e TABLET - DHCP PDL | C33: 10.58.4.32 | D33: #bc-p-dcpdl2 | E33: #Dominio/GPO PDL + DNS | F33: Windows server 2022 | G33: bc-prod-dcpdl02 | H33: 021 | I33: 30 | J33: =VLOOKUP(OverviewSubnet[[#This Row],[Hostname]],#REF!,2,FALSE) -> #REF!
B34: Monitoraggio, mail relay | C34: 10.58.10.4 | D34: test-psn-ping | E34: Macchina di test in gestione PSN | F34: VM-PSN | H34: 022 | I34: 31 | J34: =VLOOKUP(OverviewSubnet[[#This Row],[Hostname]],#REF!,2,FALSE) -> #REF!
B35: Monitoraggio, mail relay | C35: 10.58.10.5 | D35: bc-prod-chk01 | E35: Sistema di monitoraggio | F35: Check MK | G35: urg-checkmk1 | H35: 022 | I35: 32 | J35: =VLOOKUP(OverviewSubnet[[#This Row],[Hostname]],#REF!,2,FALSE) -> #REF!
B36: Monitoraggio, mail relay | C36: 10.58.10.6 | D36: bc-prod-kib01 | E36: Sistema di monitoraggio | F36: Kibana | G36: urg-kib1 | H36: 022 | I36: 33 | J36: =VLOOKUP(OverviewSubnet[[#This Row],[Hostname]],#REF!,2,FALSE) -> #REF!
B37: Monitoraggio, mail relay | C37: 10.58.10.21 | D37: bc-prod-mail01 | E37: Mail Relay per consegna posta | F37: Mail Relay | H37: 022 | I37: 34 | J37: =VLOOKUP(OverviewSubnet[[#This Row],[Hostname]],#REF!,2,FALSE) -> #REF!
B38: Monitoraggio, mail relay | C38: 10.58.10.31 | D38: #bc-prod-nagios01 | E38: #Sistema di monitoraggio | F38: Nagios | H38: 022 | I38: 35 | J38: =VLOOKUP(OverviewSubnet[[#This Row],[Hostname]],#REF!,2,FALSE) -> #REF!
B39: Monitoraggio, mail relay | C39: 10.58.10.91 | D39: bc-prod-elx01 | E39: Sistema di monitoraggio | F39: Elastik Search | G39: urg-elk1 | H39: 022 | I39: 36 | J39: =VLOOKUP(OverviewSubnet[[#This Row],[Hostname]],#REF!,2,FALSE) -> #REF!
B40: Monitoraggio, mail relay | C40: 10.58.10.92 | D40: bc-prod-elx02 | E40: Sistema di monitoraggio | F40: Elastik Search | G40: urg-elk2 | H40: 022 | I40: 37 | J40: =VLOOKUP(OverviewSubnet[[#This Row],[Hostname]],#REF!,2,FALSE) -> #REF!
B41: Monitoraggio, mail relay | C41: 10.58.10.93 | D41: bc-prod-elx03 | E41: Sistema di monitoraggio | F41: Elastik Search | G41: urg-elk3 | H41: 022 | I41: 38 | J41: =VLOOKUP(OverviewSubnet[[#This Row],[Hostname]],#REF!,2,FALSE) -> #REF!
B42: Monitoraggio, mail relay | C42: 10.58.10.243 | D42: LogWin01 | E42: Logging Applicativo dai Client di SO | F42: nome provvisorio | H42: 022 | I42: 39 | J42: =VLOOKUP(OverviewSubnet[[#This Row],[Hostname]],#REF!,2,FALSE) -> #REF!
B43: Sist. Telefonico - EU | C43: 10.58.20.20 | D43: bc-peutel-mic1 | E43: Contact Center MiCC Mitel + SQL Server Std | F43: Mitel - Windows | G43: bc-prod-eu-tel-micc01 | H43: 023 | I43: 40 | J43: =VLOOKUP(OverviewSubnet[[#This Row],[Hostname]],#REF!,2,FALSE) -> #REF!
B44: Sist. Telefonico - EU | C44: 10.58.20.21 | D44: bc-peutel-oas1 | E44: OAS MiCC | F44: Mitel - Windows | G44: bc-prod-eu-tel-oas01 | H44: 023 | I44: 41 | J44: =VLOOKUP(OverviewSubnet[[#This Row],[Hostname]],#REF!,2,FALSE) -> #REF!
B45: Sist. Telefonico - EU | C45: 10.58.20.22 | D45: bc-peutel-pvs1 | E45: Provisioning fonia + DHCP | F45: Mitel | G45: bc-prod-eu-tel-ippsrv01 GIA' bc-peutel-ips1 | H45: 023 | I45: 42 | J45: =VLOOKUP(OverviewSubnet[[#This Row],[Hostname]],#REF!,2,FALSE) -> #REF!
B46: Sist. Telefonico - EU | C46: 10.58.20.23 | D46: bc-peutel-pvs2 | E46: DHCP fonia | F46: Mitel | H46: 023 | I46: 43 | J46: =VLOOKUP(OverviewSubnet[[#This Row],[Hostname]],#REF!,2,FALSE) -> #REF!
B47: Sist. Telefonico - EU | C47: 10.58.20.32 | D47: bc-peurec-eip1 | E47: Evo IP Registratore 01 - (1°Int. Rete -> 10.8.25.32) | F47: ASC - Windows | G47: EvoIPneo01Rec01 GIA' bc-prod-eu-rec-evoip01 | H47: 023 | I47: 44 | J47: =VLOOKUP(OverviewSubnet[[#This Row],[Hostname]],#REF!,2,FALSE) -> #REF!
B48: Sist. Telefonico - EU | C48: 10.58.20.40 | D48: psn-prod-eu-tel-dbcll01 | E48: Call logging | F48: PostgreSQL | H48: 023 | I48: 45 | J48: =VLOOKUP(OverviewSubnet[[#This Row],[Hostname]],#REF!,2,FALSE) -> #REF!
B49: Sist. Telefonico - EU | C49: 10.58.20.80 | D49: bc-peutel-ast02 | E49: CentraleTel di dissuasione - Debian12+FreePBX17 | H49: 023 | I49: 46 | J49: =VLOOKUP(OverviewSubnet[[#This Row],[Hostname]],#REF!,2,FALSE) -> #REF!
B50: Sist. Telefonico - EU | C50: 10.58.20.90 | D50: bc-peutel-ast01 | E50: CentraleTel di dissuasione - CentOs5 | F50: Asterisk | G50: bc-prod-eu-tel-ast01 | H50: 023 | I50: 47 | J50: =VLOOKUP(OverviewSubnet[[#This Row],[Hostname]],#REF!,2,FALSE) -> #REF!
B51: Sist. Telefonico - EU | C51: 10.58.20.132 | D51: bc-peurec-eip2 | E51: Evo IP Registratore 02 - (1°Int. Rete 10.8.25.132) | F51: ASC - Windows | G51: EvoIPneo03Rec01 | H51: 023 | I51: 48 | J51: =VLOOKUP(OverviewSubnet[[#This Row],[Hostname]],#REF!,2,FALSE) -> #REF!
B52: Sist. Registrazione - EU | C52: 10.58.25.31 | D52: bc-peurec-db1 | E52: Evo IP Database 01 | F52: ASC - Windows | G52: EvoIPneo02DB01 GIA' bc-prod-eu-rec-db01 | H52: 024 | I52: 49 | J52: =VLOOKUP(OverviewSubnet[[#This Row],[Hostname]],#REF!,2,FALSE) -> #REF!
B53: Sist. Registrazione - EU | C53: 10.58.25.32 | D53: bc-peurec-eip1 | E53: Evo IP Registratore 01 - 2°Int. Rete -> (10.8.20.32) | F53: ASC - Windows | G53: EvoIPneo01Rec01 GIA' bc-prod-eu-rec-evoip01 | H53: 024 | I53: 50 | J53: =VLOOKUP(OverviewSubnet[[#This Row],[Hostname]],#REF!,2,FALSE) -> #REF!
B54: Sist. Registrazione - EU | C54: 10.58.25.35 | D54: bc-prod-eu-rec-nas01 | E54: NAS - Registrazioni | H54: 024 | I54: 51 | J54: =VLOOKUP(OverviewSubnet[[#This Row],[Hostname]],#REF!,2,FALSE) -> #REF!
B55: Sist. Registrazione - EU | C55: 10.58.25.36 | D55: bc-prod-eu-rec-nas02 | E55: NAS - Registrazioni Storico | H55: 024 | I55: 52 | J55: =VLOOKUP(OverviewSubnet[[#This Row],[Hostname]],#REF!,2,FALSE) -> #REF!
B56: Sist. Registrazione - EU | C56: 10.58.25.60 | D56: bc-peurec-core | E56: Trasferimento registrazioni da AS-IS a PSN | F56: ASC - Windows | H56: 024 | I56: 53 | J56: =VLOOKUP(OverviewSubnet[[#This Row],[Hostname]],#REF!,2,FALSE) -> #REF!
B57: Sist. Registrazione - EU | C57: 10.58.25.131 | D57: bc-peurec-db2 | E57: Evo IP Database 02 | F57: ASC | G57: EvoIPneo04DB01 GIA' bc-prod-eu-rec-db02 | H57: 024 | I57: 54 | J57: =VLOOKUP(OverviewSubnet[[#This Row],[Hostname]],#REF!,2,FALSE) -> #REF!
B58: Sist. Registrazione - EU | C58: 10.58.25.132 | D58: bc-peurec-eip2 | E58: Evo IP Registratore 02 - 2°Int. Rete -> (10.8.20.132) | F58: ASC | G58: EvoIPneo03Rec01 GIA' bc-prod-eu-rec-evoip02 | H58: 024 | I58: 55 | J58: =VLOOKUP(OverviewSubnet[[#This Row],[Hostname]],#REF!,2,FALSE) -> #REF!
B59: Gruppo Proxy EU | C59: 10.58.30.11 | D59: bc-prod-eu-proxy01 | E59: Reverse Proxy | F59: Apache 2.4 + Wildfly 30 | H59: 025 | I59: 56 | J59: =VLOOKUP(OverviewSubnet[[#This Row],[Hostname]],#REF!,2,FALSE) -> #REF!
B60: Gruppo Proxy EU | C60: 10.58.30.12 | D60: bc-prod-eu-proxy02 | E60: Reverse Proxy | F60: Apache 2.4 + Wildfly 30 | H60: 025 | I60: 57 | J60: =VLOOKUP(OverviewSubnet[[#This Row],[Hostname]],#REF!,2,FALSE) -> #REF!
B61: Gruppo Proxy EU | C61: 10.58.30.13 | D61: bc-prod-eu-proxy03 | E61: Reverse Proxy | F61: Apache 2.4 + Wildfly 30 | H61: 025 | I61: 58 | J61: =VLOOKUP(OverviewSubnet[[#This Row],[Hostname]],#REF!,2,FALSE) -> #REF!
B62: Gruppo Proxy EU | C62: 10.58.30.14 | D62: bc-prod-eu-proxy04 | E62: Reverse Proxy | F62: Apache 2.4 + Wildfly 30 | H62: 025 | I62: 59 | J62: =VLOOKUP(OverviewSubnet[[#This Row],[Hostname]],#REF!,2,FALSE) -> #REF!
B63: Gruppo Backend - EU | C63: 10.58.31.4 | D63: bc-prod-soeu-ctrl01 | E63: Domain Controller | F63: WildFly 23 | G63: urg-app-ctrl1 | H63: 026 | I63: 60 | J63: =VLOOKUP(OverviewSubnet[[#This Row],[Hostname]],#REF!,2,FALSE) -> #REF!
B64: Gruppo Backend - EU | C64: 10.58.31.5 | D64: bc-prod-soeu-ctrl02 | E64: Domain Controller | F64: WildFly 23 | H64: 026 | I64: 61 | J64: =VLOOKUP(OverviewSubnet[[#This Row],[Hostname]],#REF!,2,FALSE) -> #REF!
B65: Gruppo Backend - EU | C65: 10.58.31.11 | D65: bc-prod-soeu-wrk11 | E65: Worker soeu | F65: WildFly 23 | G65: urg-app-wrk1 | H65: 026 | I65: 62 | J65: =VLOOKUP(OverviewSubnet[[#This Row],[Hostname]],#REF!,2,FALSE) -> #REF!
B66: Gruppo Backend - EU | C66: 10.58.31.12 | D66: bc-prod-soeu-wrk12 | E66: Worker soeu | F66: WildFly 23 | G66: urg-app-wrk2 | H66: 026 | I66: 63 | J66: =VLOOKUP(OverviewSubnet[[#This Row],[Hostname]],#REF!,2,FALSE) -> #REF!
B67: Gruppo Backend - EU | C67: 10.58.31.13 | D67: bc-prod-soeu-wrk13 | E67: Worker soeu | F67: WildFly 23 | G67: urg-app-wrk3 | H67: 026 | I67: 64 | J67: =VLOOKUP(OverviewSubnet[[#This Row],[Hostname]],#REF!,2,FALSE) -> #REF!
B68: Gruppo Backend - EU | C68: 10.58.31.14 | D68: bc-prod-soeu-wrk14 | E68: Worker soeu | F68: WildFly 23 | H68: 026 | I68: 65 | J68: =VLOOKUP(OverviewSubnet[[#This Row],[Hostname]],#REF!,2,FALSE) -> #REF!
B69: Gruppo Backend - EU | C69: 10.58.31.15 | D69: bc-prod-soeu-wrk15 | E69: Worker soeu | F69: WildFly 23 | H69: 026 | I69: 66 | J69: =VLOOKUP(OverviewSubnet[[#This Row],[Hostname]],#REF!,2,FALSE) -> #REF!
B70: Gruppo Backend - EU | C70: 10.58.31.16 | D70: bc-prod-soeu-wrk16 | E70: Worker soeu | F70: WildFly 23 | H70: 026 | I70: 67 | J70: =VLOOKUP(OverviewSubnet[[#This Row],[Hostname]],#REF!,2,FALSE) -> #REF!
B71: Gruppo Backend - EU | C71: 10.58.31.17 | D71: bc-prod-soeu-wrk17 | E71: Worker soeu | F71: WildFly 23 | H71: 026 | I71: 68 | J71: =VLOOKUP(OverviewSubnet[[#This Row],[Hostname]],#REF!,2,FALSE) -> #REF!
B72: Gruppo Backend - EU | C72: 10.58.31.18 | D72: bc-prod-soeu-wrk18 | E72: Worker soeu | F72: WildFly 23 | H72: 026 | I72: 69 | J72: =VLOOKUP(OverviewSubnet[[#This Row],[Hostname]],#REF!,2,FALSE) -> #REF!
B73: Gruppo Backend - EU | C73: 10.58.31.63 | D73: bc-eu-prod-cache-wrk63 | E73: Cluster di sincronizzazione | F73: Infinispan Server 15 | H73: 026 | I73: 70 | J73: =VLOOKUP(OverviewSubnet[[#This Row],[Hostname]],#REF!,2,FALSE) -> #REF!
B74: Gruppo Backend - EU | C74: 10.58.31.64 | D74: bc-eu-prod-cache-wrk64 | E74: Cluster di sincronizzazione | F74: Infinispan Server 15 | H74: 026 | I74: 71 | J74: =VLOOKUP(OverviewSubnet[[#This Row],[Hostname]],#REF!,2,FALSE) -> #REF!
B75: Gruppo Backend - EU | C75: 10.58.31.65 | D75: bc-eu-prod-cache-wrk65 | E75: Cluster di sincronizzazione | F75: Infinispan Server 15 | H75: 026 | I75: 72 | J75: =VLOOKUP(OverviewSubnet[[#This Row],[Hostname]],#REF!,2,FALSE) -> #REF!
B76: Database Applicazione | C76: 10.58.32.10 | D76: bc-prod-dbdoc01 | E76: MongoDB 1 | H76: 027 | I76: 73 | J76: =VLOOKUP(OverviewSubnet[[#This Row],[Hostname]],#REF!,2,FALSE) -> #REF!
B77: Database Applicazione | C77: 10.58.32.11 | D77: bc-prod-dbdoc02 | E77: MongoDB 2 | H77: 027 | I77: 74 | J77: =VLOOKUP(OverviewSubnet[[#This Row],[Hostname]],#REF!,2,FALSE) -> #REF!
B78: Gruppo Auth SIE (Trasversale per SSO in EU/NEU) | C78: 10.58.33.31 | D78: bc-prod-eu-auth-wrk01 | E78: Worker di autenticazione #Rename | F78: Tomcat 9 + CAS 6 | G78: bc-prod-sie-auth-wrk01 | H78: 028 | I78: 75 | J78: =VLOOKUP(OverviewSubnet[[#This Row],[Hostname]],#REF!,2,FALSE) -> #REF!
B79: Gruppo Auth SIE (Trasversale per SSO in EU/NEU) | C79: 10.58.33.32 | D79: bc-prod-eu-auth-wrk02 | E79: Worker di autenticazione #Rename | F79: Tomcat 9 + CAS 6 | G79: bc-prod-sie-auth-wrk02 | H79: 028 | I79: 76 | J79: =VLOOKUP(OverviewSubnet[[#This Row],[Hostname]],#REF!,2,FALSE) -> #REF!
B80: Gruppo Auth SIE (Trasversale per SSO in EU/NEU) | C80: 10.58.33.33 | D80: bc-prod-eu-auth-wrk03 | E80: Worker di autenticazione #Rename | F80: Tomcat 9 + CAS 6 | G80: bc-prod-sie-auth-wrk03 | H80: 028 | I80: 77 | J80: =VLOOKUP(OverviewSubnet[[#This Row],[Hostname]],#REF!,2,FALSE) -> #REF!
B81: Gruppo Proxy Tablet | C81: 10.58.40.11 | D81: bc-prod-tb-proxy17 | E81: Reverse Proxy - servizi mobile | F81: Apache 2.4 + Wildfly 30 | H81: 029 | I81: 78 | J81: =VLOOKUP(OverviewSubnet[[#This Row],[Hostname]],#REF!,2,FALSE) -> #REF!
B82: Gruppo Proxy Tablet | C82: 10.58.40.12 | D82: bc-prod-tb-proxy18 | E82: Reverse Proxy - servizi mobile | F82: Apache 2.4 + Wildfly 30 | H82: 029 | I82: 79 | J82: =VLOOKUP(OverviewSubnet[[#This Row],[Hostname]],#REF!,2,FALSE) -> #REF!
B83: Gruppo Backend Tablet | C83: 10.58.41.4 | D83: bc-prod-tbt-ctrl09 | E83: Domain Controller - servizi mobile | F83: WildFly 23 | G83: urg-tbl-ctrl1 | H83: 030 | I83: 80 | J83: =VLOOKUP(OverviewSubnet[[#This Row],[Hostname]],#REF!,2,FALSE) -> #REF!
B84: Gruppo Backend Tablet | C84: 10.58.41.5 | D84: bc-prod-tbt-ctrl10 | E84: Domain Controller - servizi mobile | F84: WildFly 23 | H84: 030 | I84: 81 | J84: =VLOOKUP(OverviewSubnet[[#This Row],[Hostname]],#REF!,2,FALSE) -> #REF!
B85: Gruppo Backend Tablet | C85: 10.58.41.55 | D85: bc-prod-tbt-wrk55 | E85: Worker servizi mobile | F85: WildFly 23 | H85: 030 | I85: 82 | J85: =VLOOKUP(OverviewSubnet[[#This Row],[Hostname]],#REF!,2,FALSE) -> #REF!
B86: Gruppo Backend Tablet | C86: 10.58.41.56 | D86: bc-prod-tbt-wrk56 | E86: Worker servizi mobile | F86: WildFly 23 | H86: 030 | I86: 83 | J86: =VLOOKUP(OverviewSubnet[[#This Row],[Hostname]],#REF!,2,FALSE) -> #REF!
B87: Gruppo Backend Tablet | C87: 10.58.41.57 | D87: bc-prod-tbt-wrk57 | E87: Worker servizi mobile | F87: WildFly 23 | H87: 030 | I87: 84 | J87: =VLOOKUP(OverviewSubnet[[#This Row],[Hostname]],#REF!,2,FALSE) -> #REF!
B88: Gruppo Backend Tablet | C88: 10.58.41.58 | D88: bc-prod-tbt-wrk58 | E88: Worker servizi mobile | F88: WildFly 23 | H88: 030 | I88: 85 | J88: =VLOOKUP(OverviewSubnet[[#This Row],[Hostname]],#REF!,2,FALSE) -> #REF!
B89: Gruppo Proxy Web Services/Frontend | C89: 10.58.50.11 | D89: bc-prod-pub-proxy13 | E89: Reverse Proxy - Interfaccia WS | F89: Apache 2.4 + Wildfly 30 | H89: 031 | I89: 86 | J89: =VLOOKUP(OverviewSubnet[[#This Row],[Hostname]],#REF!,2,FALSE) -> #REF!
B90: Gruppo Proxy Web Services/Frontend | C90: 10.58.50.12 | D90: bc-prod-pub-proxy14 | E90: Reverse Proxy - Interfaccia WS | F90: Apache 2.4 + Wildfly 30 | H90: 031 | I90: 87 | J90: =VLOOKUP(OverviewSubnet[[#This Row],[Hostname]],#REF!,2,FALSE) -> #REF!
B91: Gruppo Backend Web Services | C91: 10.58.51.4 | D91: bc-prod-ws-ctrl05 | E91: Domain Controller - Servizi Esposti | F91: WildFly 23 | G91: urg-ws-ctrl1 | H91: 032 | I91: 88 | J91: =VLOOKUP(OverviewSubnet[[#This Row],[Hostname]],#REF!,2,FALSE) -> #REF!
B92: Gruppo Backend Web Services | C92: 10.58.51.5 | D92: bc-prod-ws-ctrl06 | E92: Domain Controller - Servizi Esposti | F92: WildFly 23 | H92: 032 | I92: 89 | J92: =VLOOKUP(OverviewSubnet[[#This Row],[Hostname]],#REF!,2,FALSE) -> #REF!
B93: Gruppo Backend Web Services | C93: 10.58.51.39 | D93: bc-prod-ws-wrk39 | E93: Worker - Interfaccia WS | F93: WildFly 23 | H93: 032 | I93: 90 | J93: =VLOOKUP(OverviewSubnet[[#This Row],[Hostname]],#REF!,2,FALSE) -> #REF!
B94: Gruppo Backend Web Services | C94: 10.58.51.40 | D94: bc-prod-ws-wrk40 | E94: Worker - Interfaccia WS | F94: WildFly 23 | H94: 032 | I94: 91 | J94: =VLOOKUP(OverviewSubnet[[#This Row],[Hostname]],#REF!,2,FALSE) -> #REF!
B95: Gruppo Backend Web Services | C95: 10.58.51.41 | D95: bc-prod-ws-wrk41 | E95: Worker - Interfaccia WS | F95: WildFly 23 | H95: 032 | I95: 92 | J95: =VLOOKUP(OverviewSubnet[[#This Row],[Hostname]],#REF!,2,FALSE) -> #REF!
B96: Gruppo Backend Web Services | C96: 10.58.51.42 | D96: bc-prod-ws-wrk42 | E96: Worker - Interfaccia WS | F96: WildFly 23 | H96: 032 | I96: 93 | J96: =VLOOKUP(OverviewSubnet[[#This Row],[Hostname]],#REF!,2,FALSE) -> #REF!
B97: Gruppo Backend Frontend | C97: 10.58.61.4 | D97: bc-prod-fe-ctrl07 | E97: Domain Controller - servizi esposti | F97: WildFly 23 | G97: urg-fe-ctrl1 | H97: 033 | I97: 94 | J97: =VLOOKUP(OverviewSubnet[[#This Row],[Hostname]],#REF!,2,FALSE) -> #REF!
B98: Gruppo Backend Frontend | C98: 10.58.61.5 | D98: bc-prod-fe-ctrl08 | E98: Domain Controller - servizi esposti | F98: WildFly 23 | H98: 033 | I98: 95 | J98: =VLOOKUP(OverviewSubnet[[#This Row],[Hostname]],#REF!,2,FALSE) -> #REF!
B99: Gruppo Backend Frontend | C99: 10.58.61.47 | D99: bc-prod-fe-wrk47 | E99: Worker - Front end | F99: WildFly 23 | H99: 033 | I99: 96 | J99: =VLOOKUP(OverviewSubnet[[#This Row],[Hostname]],#REF!,2,FALSE) -> #REF!
B100: Gruppo Backend Frontend | C100: 10.58.61.48 | D100: bc-prod-fe-wrk48 | E100: Worker - Front end | F100: WildFly 23 | H100: 033 | I100: 97 | J100: =VLOOKUP(OverviewSubnet[[#This Row],[Hostname]],#REF!,2,FALSE) -> #REF!
B101: Gruppo Backend Frontend | C101: 10.58.61.49 | D101: bc-prod-fe-wrk49 | E101: Worker - Front end | F101: WildFly 23 | H101: 033 | I101: 98 | J101: =VLOOKUP(OverviewSubnet[[#This Row],[Hostname]],#REF!,2,FALSE) -> #REF!
...

Sheet DC Acilia Housing Dati
A1: Summary | D1: ID: | E1: =Summary!D5 -> 001 | F1: 5
B2: {=MID(CELL("nomefile",A1),FIND("]",CELL("nomefile",A1))+1,255)} -> #VALUE! | D2: Label: | E2: =Summary!B5 -> DC Acilia Housing Dati
B4: Label | C4: ID | D4: IP | E4: hostname | F4: Descrizione | G4: NOTE
B5: =$E$2 -> DC Acilia Housing Dati | C5: =$E$1 -> 001 | D5: 192.168.210.0 | F5: =VLOOKUP(B2,Summary!B4:E123,2,FALSE) -> #VALUE!
B6: =$E$2 -> DC Acilia Housing Dati | C6: =$E$1 -> 001 | D6: 192.168.210.1 | F6: gateway
B7: =$E$2 -> DC Acilia Housing Dati | C7: =$E$1 -> 001 | D7: 192.168.210.2
B8: =$E$2 -> DC Acilia Housing Dati | C8: =$E$1 -> 001 | D8: 192.168.210.3
B9: =$E$2 -> DC Acilia Housing Dati | C9: =$E$1 -> 001 | D9: 192.168.210.4
B10: =$E$2 -> DC Acilia Housing Dati | C10: =$E$1 -> 001 | D10: 192.168.210.5
B11: =$E$2 -> DC Acilia Housing Dati | C11: =$E$1 -> 001 | D11: 192.168.210.6
B12: =$E$2 -> DC Acilia Housing Dati | C12: =$E$1 -> 001 | D12: 192.168.210.7
B13: =$E$2 -> DC Acilia Housing Dati | C13: =$E$1 -> 001 | D13: 192.168.210.8
B14: =$E$2 -> DC Acilia Housing Dati | C14: =$E$1 -> 001 | D14: 192.168.210.9
B15: =$E$2 -> DC Acilia Housing Dati | C15: =$E$1 -> 001 | D15: 192.168.210.10 | E15: ac-urg-rec-tdm1 | F15: Recorder EMERGENZA/URGENZA sito ACILIA | G15: LACP 2 porte per NEC (uno per ciascuno switch)
B16: =$E$2 -> DC Acilia Housing Dati | C16: =$E$1 -> 001 | D16: 192.168.210.11
B17: =$E$2 -> DC Acilia Housing Dati | C17: =$E$1 -> 001 | D17: 192.168.210.12
B18: =$E$2 -> DC Acilia Housing Dati | C18: =$E$1 -> 001 | D18: 192.168.210.13
B19: =$E$2 -> DC Acilia Housing Dati | C19: =$E$1 -> 001 | D19: 192.168.210.14
B20: =$E$2 -> DC Acilia Housing Dati | C20: =$E$1 -> 001 | D20: 192.168.210.15
B21: =$E$2 -> DC Acilia Housing Dati | C21: =$E$1 -> 001 | D21: 192.168.210.16
B22: =$E$2 -> DC Acilia Housing Dati | C22: =$E$1 -> 001 | D22: 192.168.210.17
B23: =$E$2 -> DC Acilia Housing Dati | C23: =$E$1 -> 001 | D23: 192.168.210.18
B24: =$E$2 -> DC Acilia Housing Dati | C24: =$E$1 -> 001 | D24: 192.168.210.19
B25: =$E$2 -> DC Acilia Housing Dati | C25: =$E$1 -> 001 | D25: 192.168.210.20 | E25: ac-neu-rec-tdm1 | F25: Recorder ORDINARIO sito ACILIA | G25: LACP 2 porte per NEC (uno per ciascuno switch)
B26: =$E$2 -> DC Acilia Housing Dati | C26: =$E$1 -> 001 | D26: 192.168.210.21
B27: =$E$2 -> DC Acilia Housing Dati | C27: =$E$1 -> 001 | D27: 192.168.210.22
B28: =$E$2 -> DC Acilia Housing Dati | C28: =$E$1 -> 001 | D28: 192.168.210.23
B29: =$E$2 -> DC Acilia Housing Dati | C29: =$E$1 -> 001 | D29: 192.168.210.24
B30: =$E$2 -> DC Acilia Housing Dati | C30: =$E$1 -> 001 | D30: 192.168.210.25
B31: =$E$2 -> DC Acilia Housing Dati | C31: =$E$1 -> 001 | D31: 192.168.210.26
B32: =$E$2 -> DC Acilia Housing Dati | C32: =$E$1 -> 001 | D32: 192.168.210.27
B33: =$E$2 -> DC Acilia Housing Dati | C33: =$E$1 -> 001 | D33: 192.168.210.28
B34: =$E$2 -> DC Acilia Housing Dati | C34: =$E$1 -> 001 | D34: 192.168.210.29
B35: =$E$2 -> DC Acilia Housing Dati | C35: =$E$1 -> 001 | D35: 192.168.210.30
B36: =$E$2 -> DC Acilia Housing Dati | C36: =$E$1 -> 001 | D36: 192.168.210.31
B37: =$E$2 -> DC Acilia Housing Dati | C37: =$E$1 -> 001 | D37: 192.168.210.32
... B131: =$E$2 -> DC Acilia Housing Dati | C131: =$E$1 -> 001 | D131: 192.168.210.126
B132: =$E$2 -> DC Acilia Housing Dati | C132: =$E$1 -> 001 | D132: 192.168.210.127 | F132: broadcast

Sheet DC Acilia Housing VoIP
A1: Summary | D1: ID: | E1: =Summary!D6 -> 002 | F1: ='DC Acilia Housing Dati'!F1+1 -> 6
B2: {=MID(CELL("nomefile",A1),FIND("]",CELL("nomefile",A1))+1,255)} -> #VALUE! | D2: Label: | E2: =Summary!B6 -> DC Acilia Housing Voip
B4: Label | C4: ID | D4: IP | E4: hostname | F4: Descrizione | G4: NOTE | H4: OLD_hostname | I4: eu
B5: =$E$2 -> DC Acilia Housing Voip | C5: =$E$1 -> 002 | D5: 192.168.210.128 | F5: =VLOOKUP(B2,Summary!B4:E123,2,FALSE) -> #VALUE! | I5: 2 | J5: per i 2 switch
B6: =$E$2 -> DC Acilia Housing Voip | C6: =$E$1 -> 002 | D6: 192.168.210.129 | F6: gateway | I6: 2 | J6: per le due asu -snx/snridx)
B7: =$E$2 -> DC Acilia Housing Voip | C7: =$E$1 -> 002 | D7: 192.168.210.130 | E7: ac-urg-tel-vipsn1 | F7: VIP /alias SN1 del sito Acilia dedicato all'EMERGENZA/URGENZA | I7: 1 | J7: alias per snx/snridx
B8: =$E$2 -> DC Acilia Housing Voip | C8: =$E$1 -> 002 | D8: 192.168.210.131 | E8: ac-urg-tel-prmsn1 | F8: Service Node 1 Primario - EMERGENZA/URGENZA | I8: 2 | J8: per il db cassandra
B9: =$E$2 -> DC Acilia Housing Voip | C9: =$E$1 -> 002 | D9: 192.168.210.132 | E9: ac-urg-tel-ridsn1 | F9: Service Node 1 Ridondanza - EMERGENZA/URGENZA | I9: 6 | J9: per le 3 mgu (2 x mgu)
B10: =$E$2 -> DC Acilia Housing Voip | C10: =$E$1 -> 002 | D10: 192.168.210.133 | F10: DB Cassandra Primario - EMERGENZA/URGENZA | I10: =SUM(I5:I9) -> 13
B11: =$E$2 -> DC Acilia Housing Voip | C11: =$E$1 -> 002 | D11: 192.168.210.134 | F11: DB Cassandra Ridondanza - EMERGENZA/URGENZA
B12: =$E$2 -> DC Acilia Housing Voip | C12: =$E$1 -> 002 | D12: 192.168.210.135 | I12: neu
B13: =$E$2 -> DC Acilia Housing Voip | C13: =$E$1 -> 002 | D13: 192.168.210.136 | I13: 2 | J13: per i 2 switch
B14: =$E$2 -> DC Acilia Housing Voip | C14: =$E$1 -> 002 | D14: 192.168.210.137 | I14: 2 | J14: per le due asu -snx/snridx)
B15: =$E$2 -> DC Acilia Housing Voip | C15: =$E$1 -> 002 | D15: 192.168.210.138 | I15: 1 | J15: alias per snx/snridx
B16: =$E$2 -> DC Acilia Housing Voip | C16: =$E$1 -> 002 | D16: 192.168.210.139 | I16: 2 | J16: per il db cassandra
B17: =$E$2 -> DC Acilia Housing Voip | C17: =$E$1 -> 002 | D17: 192.168.210.140 | I17: 4 | J17: per le 2 mgu (2 x mgu)
B18: =$E$2 -> DC Acilia Housing Voip | C18: =$E$1 -> 002 | D18: 192.168.210.141 | F18: Media Gateway MGU 1 - EMERGENZA/URGENZA - Controller | I18: =SUM(I13:I17) -> 11
B19: =$E$2 -> DC Acilia Housing Voip | C19: =$E$1 -> 002 | D19: 192.168.210.142 | F19: Media Gateway MGU 1 - EMERGENZA/URGENZA - RTP Resources
B20: =$E$2 -> DC Acilia Housing Voip | C20: =$E$1 -> 002 | D20: 192.168.210.143 | F20: Media Gateway MGU 2 - EMERGENZA/URGENZA | I20: =+I10+I18 -> 24
B21: =$E$2 -> DC Acilia Housing Voip | C21: =$E$1 -> 002 | D21: 192.168.210.144 | F21: Media Gateway MGU 2 - EMERGENZA/URGENZA
B22: =$E$2 -> DC Acilia Housing Voip | C22: =$E$1 -> 002 | D22: 192.168.210.145 | F22: Media Gateway MGU 3 - EMERGENZA/URGENZA
B23: =$E$2 -> DC Acilia Housing Voip | C23: =$E$1 -> 002 | D23: 192.168.210.146 | F23: Media Gateway MGU 3 - EMERGENZA/URGENZA
B24: =$E$2 -> DC Acilia Housing Voip | C24: =$E$1 -> 002 | D24: 192.168.210.147
B25: =$E$2 -> DC Acilia Housing Voip | C25: =$E$1 -> 002 | D25: 192.168.210.148 | J25: ac-prod-urg-tel-prmsn1
B26: =$E$2 -> DC Acilia Housing Voip | C26: =$E$1 -> 002 | D26: 192.168.210.149
B27: =$E$2 -> DC Acilia Housing Voip | C27: =$E$1 -> 002 | D27: 192.168.210.150
B28: =$E$2 -> DC Acilia Housing Voip | C28: =$E$1 -> 002 | D28: 192.168.210.151 | E28: ac-urg-tel-sw1 | F28: Switch dedicato al SN1 - EMERGENZA/URGENZA
B29: =$E$2 -> DC Acilia Housing Voip | C29: =$E$1 -> 002 | D29: 192.168.210.152 | E29: ac-urg-tel-sw2 | F29: Switch dedicato al SN1 - EMERGENZA/URGENZA
B30: =$E$2 -> DC Acilia Housing Voip | C30: =$E$1 -> 002 | D30: 192.168.210.153 | J30: ac-prod-urg-rec-evoip1
B31: =$E$2 -> DC Acilia Housing Voip | C31: =$E$1 -> 002 | D31: 192.168.210.154 | J31: ac-prod-urg-rec-dbevoip1
B32: =$E$2 -> DC Acilia Housing Voip | C32: =$E$1 -> 002 | D32: 192.168.210.155
B33: =$E$2 -> DC Acilia Housing Voip | C33: =$E$1 -> 002 | D33: 192.168.210.156
B34: =$E$2 -> DC Acilia Housing Voip | C34: =$E$1 -> 002 | D34: 192.168.210.157
B35: =$E$2 -> DC Acilia Housing Voip | C35: =$E$1 -> 002 | D35: 192.168.210.158
B36: =$E$2 -> DC Acilia Housing Voip | C36: =$E$1 -> 002 | D36: 192.168.210.159
B37: =$E$2 -> DC Acilia Housing Voip | C37: =$E$1 -> 002 | D37: 192.168.210.160 | E37: ac-neu-tel-vipsn1 | F37: VIP /alias SN1 del sito Acilia dedicato alla NON URGENZA
B38: =$E$2 -> DC Acilia Housing Voip | C38: =$E$1 -> 002 | D38: 192.168.210.161 | E38: ac-neu-tel-prmsn1 | F38: Service Node 1 Primario - NON URGENZA
B39: =$E$2 -> DC Acilia Housing Voip | C39: =$E$1 -> 002 | D39: 192.168.210.162 | E39: ac-neu-tel-ridsn1 | F39: Service Node 1 Ridondanza - NON URGENZA
B40: =$E$2 -> DC Acilia Housing Voip | C40: =$E$1 -> 002 | D40: 192.168.210.163 | F40: DB Cassandra Primario - NON URGENZA
B41: =$E$2 -> DC Acilia Housing Voip | C41: =$E$1 -> 002 | D41: 192.168.210.164 | F41: DB Cassandra Ridondanza - NON URGENZA
B42: =$E$2 -> DC Acilia Housing Voip | C42: =$E$1 -> 002 | D42: 192.168.210.165
B43: =$E$2 -> DC Acilia Housing Voip | C43: =$E$1 -> 002 | D43: 192.168.210.166
B44: =$E$2 -> DC Acilia Housing Voip | C44: =$E$1 -> 002 | D44: 192.168.210.167
B45: =$E$2 -> DC Acilia Housing Voip | C45: =$E$1 -> 002 | D45: 192.168.210.168
B46: =$E$2 -> DC Acilia Housing Voip | C46: =$E$1 -> 002 | D46: 192.168.210.169
B47: =$E$2 -> DC Acilia Housing Voip | C47: =$E$1 -> 002 | D47: 192.168.210.170
B48: =$E$2 -> DC Acilia Housing Voip | C48: =$E$1 -> 002 | D48: 192.168.210.171 | F48: Media Gateway MGU 1 - NON URGENZA
B49: =$E$2 -> DC Acilia Housing Voip | C49: =$E$1 -> 002 | D49: 192.168.210.172 | F49: Media Gateway MGU 1 - NON URGENZA
B50: =$E$2 -> DC Acilia Housing Voip | C50: =$E$1 -> 002 | D50: 192.168.210.173 | F50: Media Gateway MGU 2 - NON URGENZA
B51: =$E$2 -> DC Acilia Housing Voip | C51: =$E$1 -> 002 | D51: 192.168.210.174 | F51: Media Gateway MGU 2 - NON URGENZA
B52: =$E$2 -> DC Acilia Housing Voip | C52: =$E$1 -> 002 | D52: 192.168.210.175
B53: =$E$2 -> DC Acilia Housing Voip | C53: =$E$1 -> 002 | D53: 192.168.210.176
B54: =$E$2 -> DC Acilia Housing Voip | C54: =$E$1 -> 002 | D54: 192.168.210.177
B55: =$E$2 -> DC Acilia Housing Voip | C55: =$E$1 -> 002 | D55: 192.168.210.178
B56: =$E$2 -> DC Acilia Housing Voip | C56: =$E$1 -> 002 | D56: 192.168.210.179
B57: =$E$2 -> DC Acilia Housing Voip | C57: =$E$1 -> 002 | D57: 192.168.210.180
B58: =$E$2 -> DC Acilia Housing Voip | C58: =$E$1 -> 002 | D58: 192.168.210.181 | E58: ac-neu-tel-sw1 | F58: Switch dedicato al SN1 - NON URGENZA
B59: =$E$2 -> DC Acilia Housing Voip | C59: =$E$1 -> 002 | D59: 192.168.210.182 | E59: ac-neu-tel-sw2 | F59: Switch dedicato al SN1 - NON URGENZA
B60: =$E$2 -> DC Acilia Housing Voip | C60: =$E$1 -> 002 | D60: 192.168.210.183
B61: =$E$2 -> DC Acilia Housing Voip | C61: =$E$1 -> 002 | D61: 192.168.210.184
B62: =$E$2 -> DC Acilia Housing Voip | C62: =$E$1 -> 002 | D62: 192.168.210.185
B63: =$E$2 -> DC Acilia Housing Voip | C63: =$E$1 -> 002 | D63: 192.168.210.186
B64: =$E$2 -> DC Acilia Housing Voip | C64: =$E$1 -> 002 | D64: 192.168.210.187
B65: =$E$2 -> DC Acilia Housing Voip | C65: =$E$1 -> 002 | D65: 192.168.210.188
B66: =$E$2 -> DC Acilia Housing Voip | C66: =$E$1 -> 002 | D66: 192.168.210.189
B67: =$E$2 -> DC Acilia Housing Voip | C67: =$E$1 -> 002 | D67: 192.168.210.190
B68: =$E$2 -> DC Acilia Housing Voip | C68: =$E$1 -> 002 | D68: 192.168.210.191
B69: =$E$2 -> DC Acilia Housing Voip | C69: =$E$1 -> 002 | D69: 192.168.210.192
B70: =$E$2 -> DC Acilia Housing Voip | C70: =$E$1 -> 002 | D70: 192.168.210.193
B71: =$E$2 -> DC Acilia Housing Voip | C71: =$E$1 -> 002 | D71: 192.168.210.194
... B131: =$E$2 -> DC Acilia Housing Voip | C131: =$E$1 -> 002 | D131: 192.168.210.254
B132: =$E$2 -> DC Acilia Housing Voip | C132: =$E$1 -> 002 | D132: 192.168.210.255 | F132: broadcast

Sheet DC Acilia Housing Mng
A1: Summary | D1: ID: | E1: =Summary!D7 -> 003 | F1: ='DC Acilia Housing Dati'!F1+1 -> 6
B2: {=MID(CELL("nomefile",A1),FIND("]",CELL("nomefile",A1))+1,255)} -> #VALUE! | D2: Label: | E2: =Summary!B7 -> DC Acilia Housing Mng
B4: Label | C4: ID | D4: IP | E4: hostname | F4: Descrizione | G4: Note | H4: OLD_hostname
B5: =$E$2 -> DC Acilia Housing Mng | C5: =$E$1 -> 003 | D5: 192.168.241.0 | F5: =VLOOKUP(B2,Summary!B4:E123,2,FALSE) -> #VALUE! | J5: 32
B6: =$E$2 -> DC Acilia Housing Mng | C6: =$E$1 -> 003 | D6: 192.168.241.1 | J6: 33
B7: =$E$2 -> DC Acilia Housing Mng | C7: =$E$1 -> 003 | D7: 192.168.241.2 | F7: switch N&C | J7: 34
B8: =$E$2 -> DC Acilia Housing Mng | C8: =$E$1 -> 003 | D8: 192.168.241.3 | F8: switch N&C | J8: 35
B9: =$E$2 -> DC Acilia Housing Mng | C9: =$E$1 -> 003 | D9: 192.168.241.4 | J9: 36
B10: =$E$2 -> DC Acilia Housing Mng | C10: =$E$1 -> 003 | D10: 192.168.241.5 | J10: 37
B11: =$E$2 -> DC Acilia Housing Mng | C11: =$E$1 -> 003 | D11: 192.168.241.6 | J11: 38
B12: =$E$2 -> DC Acilia Housing Mng | C12: =$E$1 -> 003 | D12: 192.168.241.7 | J12: 39
B13: =$E$2 -> DC Acilia Housing Mng | C13: =$E$1 -> 003 | D13: 192.168.241.8 | J13: 40
B14: =$E$2 -> DC Acilia Housing Mng | C14: =$E$1 -> 003 | D14: 192.168.241.9 | J14: 41
B15: =$E$2 -> DC Acilia Housing Mng | C15: =$E$1 -> 003 | D15: 192.168.241.10 | F15: switch URG #1 Acilia | J15: 42
B16: =$E$2 -> DC Acilia Housing Mng | C16: =$E$1 -> 003 | D16: 192.168.241.11 | F16: switch URG #2 Acilia | J16: 43
B17: =$E$2 -> DC Acilia Housing Mng | C17: =$E$1 -> 003 | D17: 192.168.241.12 | J17: 44
B18: =$E$2 -> DC Acilia Housing Mng | C18: =$E$1 -> 003 | D18: 192.168.241.13 | J18: 45
B19: =$E$2 -> DC Acilia Housing Mng | C19: =$E$1 -> 003 | D19: 192.168.241.14 | J19: 46
B20: =$E$2 -> DC Acilia Housing Mng | C20: =$E$1 -> 003 | D20: 192.168.241.15 | J20: 47
B21: =$E$2 -> DC Acilia Housing Mng | C21: =$E$1 -> 003 | D21: 192.168.241.16 | J21: 48
B22: =$E$2 -> DC Acilia Housing Mng | C22: =$E$1 -> 003 | D22: 192.168.241.17 | J22: 49
B23: =$E$2 -> DC Acilia Housing Mng | C23: =$E$1 -> 003 | D23: 192.168.241.18 | J23: 50
B24: =$E$2 -> DC Acilia Housing Mng | C24: =$E$1 -> 003 | D24: 192.168.241.19 | J24: 51
B25: =$E$2 -> DC Acilia Housing Mng | C25: =$E$1 -> 003 | D25: 192.168.241.20 | J25: 52
B26: =$E$2 -> DC Acilia Housing Mng | C26: =$E$1 -> 003 | D26: 192.168.241.21 | J26: 53
B27: =$E$2 -> DC Acilia Housing Mng | C27: =$E$1 -> 003 | D27: 192.168.241.22 | J27: 54
B28: =$E$2 -> DC Acilia Housing Mng | C28: =$E$1 -> 003 | D28: 192.168.241.23 | J28: 55
... B35: =$E$2 -> DC Acilia Housing Mng | C35: =$E$1 -> 003 | D35: 192.168.241.30 | J35: 62
B36: =$E$2 -> DC Acilia Housing Mng | C36: =$E$1 -> 003 | D36: 192.168.241.31 | F36: broadcast | J36: 63

Sheet DC Pomezia Housing Dati
A1: Summary | D1: ID: | E1: =Summary!D8 -> 004 | F1: ='DC Acilia Housing Dati'!F1+1 -> 6
B2: {=MID(CELL("nomefile",A1),FIND("]",CELL("nomefile",A1))+1,255)} -> #VALUE! | D2: Label: | E2: =Summary!B8 -> DC Pomezia Housing Dati
B4: Label | C4: ID | D4: IP | E4: hostname | F4: Descrizione | G4: Note | H4: OLD_hostname
B5: =$E$2 -> DC Pomezia Housing Dati | C5: =$E$1 -> 004 | D5: 192.168.220.0 | F5: =VLOOKUP(B2,Summary!B4:E123,2,FALSE) -> #VALUE!
B6: =$E$2 -> DC Pomezia Housing Dati | C6: =$E$1 -> 004 | D6: 192.168.220.1 | F6: gateway
B7: =$E$2 -> DC Pomezia Housing Dati | C7: =$E$1 -> 004 | D7: 192.168.220.2
B8: =$E$2 -> DC Pomezia Housing Dati | C8: =$E$1 -> 004 | D8: 192.168.220.3
B9: =$E$2 -> DC Pomezia Housing Dati | C9: =$E$1 -> 004 | D9: 192.168.220.4
B10: =$E$2 -> DC Pomezia Housing Dati | C10: =$E$1 -> 004 | D10: 192.168.220.5
B11: =$E$2 -> DC Pomezia Housing Dati | C11: =$E$1 -> 004 | D11: 192.168.220.6
B12: =$E$2 -> DC Pomezia Housing Dati | C12: =$E$1 -> 004 | D12: 192.168.220.7
B13: =$E$2 -> DC Pomezia Housing Dati | C13: =$E$1 -> 004 | D13: 192.168.220.8
B14: =$E$2 -> DC Pomezia Housing Dati | C14: =$E$1 -> 004 | D14: 192.168.220.9
B15: =$E$2 -> DC Pomezia Housing Dati | C15: =$E$1 -> 004 | D15: 192.168.220.10 | E15: pm-urg-rec-tdm2 | F15: Recorder EMERGENZA/URGENZA sito POMEZIA | G15: LACP 2 porte per NEC (uno per ciascuno switch)
B16: =$E$2 -> DC Pomezia Housing Dati | C16: =$E$1 -> 004 | D16: 192.168.220.11
B17: =$E$2 -> DC Pomezia Housing Dati | C17: =$E$1 -> 004 | D17: 192.168.220.12
B18: =$E$2 -> DC Pomezia Housing Dati | C18: =$E$1 -> 004 | D18: 192.168.220.13
B19: =$E$2 -> DC Pomezia Housing Dati | C19: =$E$1 -> 004 | D19: 192.168.220.14
B20: =$E$2 -> DC Pomezia Housing Dati | C20: =$E$1 -> 004 | D20: 192.168.220.15
B21: =$E$2 -> DC Pomezia Housing Dati | C21: =$E$1 -> 004 | D21: 192.168.220.16
B22: =$E$2 -> DC Pomezia Housing Dati | C22: =$E$1 -> 004 | D22: 192.168.220.17
B23: =$E$2 -> DC Pomezia Housing Dati | C23: =$E$1 -> 004 | D23: 192.168.220.18
B24: =$E$2 -> DC Pomezia Housing Dati | C24: =$E$1 -> 004 | D24: 192.168.220.19
B25: =$E$2 -> DC Pomezia Housing Dati | C25: =$E$1 -> 004 | D25: 192.168.220.20 | E25: pm-neu-rec-tdm2 | F25: Recorder NON Emergenza/Urgenza sito POMEZIA | G25: LACP 2 porte per NEC (uno per ciascuno switch)
B26: =$E$2 -> DC Pomezia Housing Dati | C26: =$E$1 -> 004 | D26: 192.168.220.21
B27: =$E$2 -> DC Pomezia Housing Dati | C27: =$E$1 -> 004 | D27: 192.168.220.22
B28: =$E$2 -> DC Pomezia Housing Dati | C28: =$E$1 -> 004 | D28: 192.168.220.23
B29: =$E$2 -> DC Pomezia Housing Dati | C29: =$E$1 -> 004 | D29: 192.168.220.24
B30: =$E$2 -> DC Pomezia Housing Dati | C30: =$E$1 -> 004 | D30: 192.168.220.25
B31: =$E$2 -> DC Pomezia Housing Dati | C31: =$E$1 -> 004 | D31: 192.168.220.26
B32: =$E$2 -> DC Pomezia Housing Dati | C32: =$E$1 -> 004 | D32: 192.168.220.27
B33: =$E$2 -> DC Pomezia Housing Dati | C33: =$E$1 -> 004 | D33: 192.168.220.28
B34: =$E$2 -> DC Pomezia Housing Dati | C34: =$E$1 -> 004 | D34: 192.168.220.29
B35: =$E$2 -> DC Pomezia Housing Dati | C35: =$E$1 -> 004 | D35: 192.168.220.30
B36: =$E$2 -> DC Pomezia Housing Dati | C36: =$E$1 -> 004 | D36: 192.168.220.31
B37: =$E$2 -> DC Pomezia Housing Dati | C37: =$E$1 -> 004 | D37: 192.168.220.32
... B131: =$E$2 -> DC Pomezia Housing Dati | C131: =$E$1 -> 004 | D131: 192.168.220.126
B132: =$E$2 -> DC Pomezia Housing Dati | C132: =$E$1 -> 004 | D132: 192.168.220.127 | F132: broadcast

Sheet DC Pomezia Housing Voip
A1: Summary | D1: ID: | E1: =Summary!D9 -> 005 | F1: ='DC Acilia Housing Dati'!F1+1 -> 6
B2: {=MID(CELL("nomefile",A1),FIND("]",CELL("nomefile",A1))+1,255)} -> #VALUE! | D2: Label: | E2: =Summary!B9 -> DC Pomezia Housing Voip
B4: Label | C4: ID | D4: IP | E4: hostname | F4: Descrizione | G4: Note | H4: OLD_hostname
B5: =$E$2 -> DC Pomezia Housing Voip | C5: =$E$1 -> 005 | D5: 192.168.220.128 | F5: =VLOOKUP(B2,Summary!B4:E123,2,FALSE) -> #VALUE!
B6: =$E$2 -> DC Pomezia Housing Voip | C6: =$E$1 -> 005 | D6: 192.168.220.129 | F6: gateway
B7: =$E$2 -> DC Pomezia Housing Voip | C7: =$E$1 -> 005 | D7: 192.168.220.130 | E7: pm-urg-tel-vipsn1 | F7: VIP /alias SN1 del sito Pomezia dedicato all'EMERGENZA/URGENZA
B8: =$E$2 -> DC Pomezia Housing Voip | C8: =$E$1 -> 005 | D8: 192.168.220.131 | E8: pm-urg-tel-prmsn1 | F8: Service Node 1 Primario - EMERGENZA/URGENZA
B9: =$E$2 -> DC Pomezia Housing Voip | C9: =$E$1 -> 005 | D9: 192.168.220.132 | E9: pm-urg-tel-ridsn1 | F9: Service Node 1 Ridondanza - EMERGENZA/URGENZA
B10: =$E$2 -> DC Pomezia Housing Voip | C10: =$E$1 -> 005 | D10: 192.168.220.133 | F10: DB Cassandra Primario - EMERGENZA/URGENZA
B11: =$E$2 -> DC Pomezia Housing Voip | C11: =$E$1 -> 005 | D11: 192.168.220.134 | F11: DB Cassandra Ridondanza - EMERGENZA/URGENZA
B12: =$E$2 -> DC Pomezia Housing Voip | C12: =$E$1 -> 005 | D12: 192.168.220.135
B13: =$E$2 -> DC Pomezia Housing Voip | C13: =$E$1 -> 005 | D13: 192.168.220.136
B14: =$E$2 -> DC Pomezia Housing Voip | C14: =$E$1 -> 005 | D14: 192.168.220.137
B15: =$E$2 -> DC Pomezia Housing Voip | C15: =$E$1 -> 005 | D15: 192.168.220.138
B16: =$E$2 -> DC Pomezia Housing Voip | C16: =$E$1 -> 005 | D16: 192.168.220.139
B17: =$E$2 -> DC Pomezia Housing Voip | C17: =$E$1 -> 005 | D17: 192.168.220.140
B18: =$E$2 -> DC Pomezia Housing Voip | C18: =$E$1 -> 005 | D18: 192.168.220.141 | F18: Media Gateway MGU 1 - EMERGENZA/URGENZA
B19: =$E$2 -> DC Pomezia Housing Voip | C19: =$E$1 -> 005 | D19: 192.168.220.142 | F19: Media Gateway MGU 1 - EMERGENZA/URGENZA
B20: =$E$2 -> DC Pomezia Housing Voip | C20: =$E$1 -> 005 | D20: 192.168.220.143 | F20: Media Gateway MGU 2 - EMERGENZA/URGENZA
B21: =$E$2 -> DC Pomezia Housing Voip | C21: =$E$1 -> 005 | D21: 192.168.220.144 | F21: Media Gateway MGU 2 - EMERGENZA/URGENZA
B22: =$E$2 -> DC Pomezia Housing Voip | C22: =$E$1 -> 005 | D22: 192.168.220.145 | F22: Media Gateway MGU 3 - EMERGENZA/URGENZA
B23: =$E$2 -> DC Pomezia Housing Voip | C23: =$E$1 -> 005 | D23: 192.168.220.146 | F23: Media Gateway MGU 3 - EMERGENZA/URGENZA
B24: =$E$2 -> DC Pomezia Housing Voip | C24: =$E$1 -> 005 | D24: 192.168.220.147
B25: =$E$2 -> DC Pomezia Housing Voip | C25: =$E$1 -> 005 | D25: 192.168.220.148
B26: =$E$2 -> DC Pomezia Housing Voip | C26: =$E$1 -> 005 | D26: 192.168.220.149
B27: =$E$2 -> DC Pomezia Housing Voip | C27: =$E$1 -> 005 | D27: 192.168.220.150
B28: =$E$2 -> DC Pomezia Housing Voip | C28: =$E$1 -> 005 | D28: 192.168.220.151 | E28: pm-urg-tel-sw1 | F28: Switch dedicato al SN1 - EMERGENZA/URGENZA
B29: =$E$2 -> DC Pomezia Housing Voip | C29: =$E$1 -> 005 | D29: 192.168.220.152 | E29: pm-urg-tel-sw2 | F29: Switch dedicato al SN1 - EMERGENZA/URGENZA
B30: =$E$2 -> DC Pomezia Housing Voip | C30: =$E$1 -> 005 | D30: 192.168.220.153
B31: =$E$2 -> DC Pomezia Housing Voip | C31: =$E$1 -> 005 | D31: 192.168.220.154
B32: =$E$2 -> DC Pomezia Housing Voip | C32: =$E$1 -> 005 | D32: 192.168.220.155
B33: =$E$2 -> DC Pomezia Housing Voip | C33: =$E$1 -> 005 | D33: 192.168.220.156
B34: =$E$2 -> DC Pomezia Housing Voip | C34: =$E$1 -> 005 | D34: 192.168.220.157
B35: =$E$2 -> DC Pomezia Housing Voip | C35: =$E$1 -> 005 | D35: 192.168.220.158
B36: =$E$2 -> DC Pomezia Housing Voip | C36: =$E$1 -> 005 | D36: 192.168.220.159
B37: =$E$2 -> DC Pomezia Housing Voip | C37: =$E$1 -> 005 | D37: 192.168.220.160 | E37: pm-neu-tel-vipsn1 | F37: VIP /alias SN1 del sito Pomezia dedicato alla NON URGENZA
B38: =$E$2 -> DC Pomezia Housing Voip | C38: =$E$1 -> 005 | D38: 192.168.220.161 | E38: pm-neu-tel-prmsn1 | F38: Service Node 1 Primario - NON URGENZA
B39: =$E$2 -> DC Pomezia Housing Voip | C39: =$E$1 -> 005 | D39: 192.168.220.162 | E39: pm-neu-tel-ridsn1 | F39: Service Node 1 Ridondanza - NON URGENZA
B40: =$E$2 -> DC Pomezia Housing Voip | C40: =$E$1 -> 005 | D40: 192.168.220.163 | F40: DB Cassandra Primario - NON URGENZA
B41: =$E$2 -> DC Pomezia Housing Voip | C41: =$E$1 -> 005 | D41: 192.168.220.164 | F41: DB Cassandra Ridondanza - NON URGENZA
B42: =$E$2 -> DC Pomezia Housing Voip | C42: =$E$1 -> 005 | D42: 192.168.220.165
B43: =$E$2 -> DC Pomezia Housing Voip | C43: =$E$1 -> 005 | D43: 192.168.220.166
B44: =$E$2 -> DC Pomezia Housing Voip | C44: =$E$1 -> 005 | D44: 192.168.220.167
B45: =$E$2 -> DC Pomezia Housing Voip | C45: =$E$1 -> 005 | D45: 192.168.220.168
B46: =$E$2 -> DC Pomezia Housing Voip | C46: =$E$1 -> 005 | D46: 192.168.220.169
B47: =$E$2 -> DC Pomezia Housing Voip | C47: =$E$1 -> 005 | D47: 192.168.220.170
B48: =$E$2 -> DC Pomezia Housing Voip | C48: =$E$1 -> 005 | D48: 192.168.220.171 | F48: Media Gateway MGU 1 - NON URGENZA
B49: =$E$2 -> DC Pomezia Housing Voip | C49: =$E$1 -> 005 | D49: 192.168.220.172 | F49: Media Gateway MGU 1 - NON URGENZA
B50: =$E$2 -> DC Pomezia Housing Voip | C50: =$E$1 -> 005 | D50: 192.168.220.173 | F50: Media Gateway MGU 2 - NON URGENZA
B51: =$E$2 -> DC Pomezia Housing Voip | C51: =$E$1 -> 005 | D51: 192.168.220.174 | F51: Media Gateway MGU 2 - NON URGENZA
B52: =$E$2 -> DC Pomezia Housing Voip | C52: =$E$1 -> 005 | D52: 192.168.220.175
B53: =$E$2 -> DC Pomezia Housing Voip | C53: =$E$1 -> 005 | D53: 192.168.220.176
B54: =$E$2 -> DC Pomezia Housing Voip | C54: =$E$1 -> 005 | D54: 192.168.220.177
B55: =$E$2 -> DC Pomezia Housing Voip | C55: =$E$1 -> 005 | D55: 192.168.220.178
B56: =$E$2 -> DC Pomezia Housing Voip | C56: =$E$1 -> 005 | D56: 192.168.220.179
B57: =$E$2 -> DC Pomezia Housing Voip | C57: =$E$1 -> 005 | D57: 192.168.220.180
B58: =$E$2 -> DC Pomezia Housing Voip | C58: =$E$1 -> 005 | D58: 192.168.220.181 | E58: pm-neu-tel-sw1 | F58: Switch dedicato al SN1 - NON URGENZA
B59: =$E$2 -> DC Pomezia Housing Voip | C59: =$E$1 -> 005 | D59: 192.168.220.182 | E59: pm-neu-tel-sw2 | F59: Switch dedicato al SN1 - NON URGENZA
B60: =$E$2 -> DC Pomezia Housing Voip | C60: =$E$1 -> 005 | D60: 192.168.220.183
B61: =$E$2 -> DC Pomezia Housing Voip | C61: =$E$1 -> 005 | D61: 192.168.220.184
B62: =$E$2 -> DC Pomezia Housing Voip | C62: =$E$1 -> 005 | D62: 192.168.220.185
B63: =$E$2 -> DC Pomezia Housing Voip | C63: =$E$1 -> 005 | D63: 192.168.220.186
B64: =$E$2 -> DC Pomezia Housing Voip | C64: =$E$1 -> 005 | D64: 192.168.220.187
B65: =$E$2 -> DC Pomezia Housing Voip | C65: =$E$1 -> 005 | D65: 192.168.220.188
B66: =$E$2 -> DC Pomezia Housing Voip | C66: =$E$1 -> 005 | D66: 192.168.220.189
B67: =$E$2 -> DC Pomezia Housing Voip | C67: =$E$1 -> 005 | D67: 192.168.220.190
B68: =$E$2 -> DC Pomezia Housing Voip | C68: =$E$1 -> 005 | D68: 192.168.220.191
B69: =$E$2 -> DC Pomezia Housing Voip | C69: =$E$1 -> 005 | D69: 192.168.220.192
B70: =$E$2 -> DC Pomezia Housing Voip | C70: =$E$1 -> 005 | D70: 192.168.220.193
B71: =$E$2 -> DC Pomezia Housing Voip | C71: =$E$1 -> 005 | D71: 192.168.220.194
... B131: =$E$2 -> DC Pomezia Housing Voip | C131: =$E$1 -> 005 | D131: 192.168.220.254
B132: =$E$2 -> DC Pomezia Housing Voip | C132: =$E$1 -> 005 | D132: 192.168.220.255 | F132: broadcast

Sheet DC Pomezia Housing Mng
A1: Summary | D1: ID: | E1: =Summary!D10 -> 006 | F1: ='DC Acilia Housing Dati'!F1+1 -> 6
B2: {=MID(CELL("nomefile",A1),FIND("]",CELL("nomefile",A1))+1,255)} -> #VALUE! | D2: Label: | E2: =Summary!B10 -> DC Pomezia Housing Mng
B4: Label | C4: ID | D4: IP | E4: hostname | F4: Descrizione | G4: Note | H4: OLD_hostname
B5: =$E$2 -> DC Pomezia Housing Mng | C5: =$E$1 -> 006 | D5: 192.168.241.32 | F5: =VLOOKUP(B2,Summary!B4:E123,2,FALSE) -> #VALUE!
B6: =$E$2 -> DC Pomezia Housing Mng | C6: =$E$1 -> 006 | D6: 192.168.241.33
B7: =$E$2 -> DC Pomezia Housing Mng | C7: =$E$1 -> 006 | D7: 192.168.241.34 | F7: Switch N&C
B8: =$E$2 -> DC Pomezia Housing Mng | C8: =$E$1 -> 006 | D8: 192.168.241.35 | F8: Switch N&C
B9: =$E$2 -> DC Pomezia Housing Mng | C9: =$E$1 -> 006 | D9: 192.168.241.36
B10: =$E$2 -> DC Pomezia Housing Mng | C10: =$E$1 -> 006 | D10: 192.168.241.37
B11: =$E$2 -> DC Pomezia Housing Mng | C11: =$E$1 -> 006 | D11: 192.168.241.38
B12: =$E$2 -> DC Pomezia Housing Mng | C12: =$E$1 -> 006 | D12: 192.168.241.39
B13: =$E$2 -> DC Pomezia Housing Mng | C13: =$E$1 -> 006 | D13: 192.168.241.40
B14: =$E$2 -> DC Pomezia Housing Mng | C14: =$E$1 -> 006 | D14: 192.168.241.41 | F14: switch URG #1 - Pomezia
B15: =$E$2 -> DC Pomezia Housing Mng | C15: =$E$1 -> 006 | D15: 192.168.241.42 | F15: switch URG #2 - Pomezia
B16: =$E$2 -> DC Pomezia Housing Mng | C16: =$E$1 -> 006 | D16: 192.168.241.43
B17: =$E$2 -> DC Pomezia Housing Mng | C17: =$E$1 -> 006 | D17: 192.168.241.44
B18: =$E$2 -> DC Pomezia Housing Mng | C18: =$E$1 -> 006 | D18: 192.168.241.45
B19: =$E$2 -> DC Pomezia Housing Mng | C19: =$E$1 -> 006 | D19: 192.168.241.46
B20: =$E$2 -> DC Pomezia Housing Mng | C20: =$E$1 -> 006 | D20: 192.168.241.47
B21: =$E$2 -> DC Pomezia Housing Mng | C21: =$E$1 -> 006 | D21: 192.168.241.48
B22: =$E$2 -> DC Pomezia Housing Mng | C22: =$E$1 -> 006 | D22: 192.168.241.49
B23: =$E$2 -> DC Pomezia Housing Mng | C23: =$E$1 -> 006 | D23: 192.168.241.50
B24: =$E$2 -> DC Pomezia Housing Mng | C24: =$E$1 -> 006 | D24: 192.168.241.51
B25: =$E$2 -> DC Pomezia Housing Mng | C25: =$E$1 -> 006 | D25: 192.168.241.52
B26: =$E$2 -> DC Pomezia Housing Mng | C26: =$E$1 -> 006 | D26: 192.168.241.53
B27: =$E$2 -> DC Pomezia Housing Mng | C27: =$E$1 -> 006 | D27: 192.168.241.54
... B35: =$E$2 -> DC Pomezia Housing Mng | C35: =$E$1 -> 006 | D35: 192.168.241.62
B36: =$E$2 -> DC Pomezia Housing Mng | C36: =$E$1 -> 006 | D36: 192.168.241.63 | F36: broadcast

Sheet DC S.Stefano Housing Dati
A1: Summary | D1: ID: | E1: =Summary!D11 -> 101 | F1: ='DC Acilia Housing Dati'!F1+1 -> 6
B2: {=MID(CELL("nomefile",A1),FIND("]",CELL("nomefile",A1))+1,255)} -> #VALUE! | D2: Label: | E2: =Summary!B11 -> DC S.Stefano Housing Dati
B4: Label | C4: ID | D4: IP | E4: hostname | F4: Descrizione | G4: Note | H4: OLD_hostname
B5: =$E$2 -> DC S.Stefano Housing Dati | C5: =$E$1 -> 101 | D5: 192.168.230.0 | F5: =VLOOKUP(B2,Summary!B4:E123,2,FALSE) -> #VALUE!
B6: =$E$2 -> DC S.Stefano Housing Dati | C6: =$E$1 -> 101 | D6: 192.168.230.1 | F6: gateway
B7: =$E$2 -> DC S.Stefano Housing Dati | C7: =$E$1 -> 101 | D7: 192.168.230.2
B8: =$E$2 -> DC S.Stefano Housing Dati | C8: =$E$1 -> 101 | D8: 192.168.230.3
B9: =$E$2 -> DC S.Stefano Housing Dati | C9: =$E$1 -> 101 | D9: 192.168.230.4
B10: =$E$2 -> DC S.Stefano Housing Dati | C10: =$E$1 -> 101 | D10: 192.168.230.5
B11: =$E$2 -> DC S.Stefano Housing Dati | C11: =$E$1 -> 101 | D11: 192.168.230.6
B12: =$E$2 -> DC S.Stefano Housing Dati | C12: =$E$1 -> 101 | D12: 192.168.230.7
B13: =$E$2 -> DC S.Stefano Housing Dati | C13: =$E$1 -> 101 | D13: 192.168.230.8
B14: =$E$2 -> DC S.Stefano Housing Dati | C14: =$E$1 -> 101 | D14: 192.168.230.9
B15: =$E$2 -> DC S.Stefano Housing Dati | C15: =$E$1 -> 101 | D15: 192.168.230.10 | E15: ss-rec-tdm1 | F15: Recorder EMERGENZA/URGENZA sito S.STEFANO
B16: =$E$2 -> DC S.Stefano Housing Dati | C16: =$E$1 -> 101 | D16: 192.168.230.11
B17: =$E$2 -> DC S.Stefano Housing Dati | C17: =$E$1 -> 101 | D17: 192.168.230.12
B18: =$E$2 -> DC S.Stefano Housing Dati | C18: =$E$1 -> 101 | D18: 192.168.230.13
B19: =$E$2 -> DC S.Stefano Housing Dati | C19: =$E$1 -> 101 | D19: 192.168.230.14
B20: =$E$2 -> DC S.Stefano Housing Dati | C20: =$E$1 -> 101 | D20: 192.168.230.15
B21: =$E$2 -> DC S.Stefano Housing Dati | C21: =$E$1 -> 101 | D21: 192.168.230.16
B22: =$E$2 -> DC S.Stefano Housing Dati | C22: =$E$1 -> 101 | D22: 192.168.230.17
B23: =$E$2 -> DC S.Stefano Housing Dati | C23: =$E$1 -> 101 | D23: 192.168.230.18
B24: =$E$2 -> DC S.Stefano Housing Dati | C24: =$E$1 -> 101 | D24: 192.168.230.19
B25: =$E$2 -> DC S.Stefano Housing Dati | C25: =$E$1 -> 101 | D25: 192.168.230.20
B26: =$E$2 -> DC S.Stefano Housing Dati | C26: =$E$1 -> 101 | D26: 192.168.230.21
B27: =$E$2 -> DC S.Stefano Housing Dati | C27: =$E$1 -> 101 | D27: 192.168.230.22
... B131: =$E$2 -> DC S.Stefano Housing Dati | C131: =$E$1 -> 101 | D131: 192.168.230.126
B132: =$E$2 -> DC S.Stefano Housing Dati | C132: =$E$1 -> 101 | D132: 192.168.230.127 | F132: broadcast

Sheet DC S.Stefano Housing Voip
A1: Summary | D1: ID: | E1: =Summary!D12 -> 102 | F1: ='DC Acilia Housing Dati'!F1+1 -> 6
B2: {=MID(CELL("nomefile",A1),FIND("]",CELL("nomefile",A1))+1,255)} -> #VALUE! | D2: Label: | E2: =Summary!B12 -> DC S.Stefano Housing Voip
B4: Label | C4: ID | D4: IP | E4: hostname | F4: Descrizione | G4: Note
B5: =$E$2 -> DC S.Stefano Housing Voip | C5: =$E$1 -> 102 | D5: 192168230128 | F5: =VLOOKUP(B2,Summary!B4:E123,2,FALSE) -> #VALUE!
B6: =$E$2 -> DC S.Stefano Housing Voip | C6: =$E$1 -> 102 | D6: 192168230129 | F6: gateway
B7: =$E$2 -> DC S.Stefano Housing Voip | C7: =$E$1 -> 102 | D7: 192168230130 | E7: ss-urg-tel-vipsn1 | F7: VIP /alias SN1 del sito S. Stefano dedicato all'EMERGENZA/URGENZA
B8: =$E$2 -> DC S.Stefano Housing Voip | C8: =$E$1 -> 102 | D8: 192168230131 | E8: ss-urg-tel-prmsn1 | F8: Service Node 1 Primario - EMERGENZA/URGENZA
B9: =$E$2 -> DC S.Stefano Housing Voip | C9: =$E$1 -> 102 | D9: 192168230132 | E9: ss-urg-tel-ridsn1 | F9: Service Node 1 Ridondanza - EMERGENZA/URGENZA
B10: =$E$2 -> DC S.Stefano Housing Voip | C10: =$E$1 -> 102 | D10: 192168230133 | F10: DB Cassandra Primario - EMERGENZA/URGENZA
B11: =$E$2 -> DC S.Stefano Housing Voip | C11: =$E$1 -> 102 | D11: 192168230134 | F11: DB Cassandra Ridondanza - EMERGENZA/URGENZA
B12: =$E$2 -> DC S.Stefano Housing Voip | C12: =$E$1 -> 102 | D12: 192168230135
B13: =$E$2 -> DC S.Stefano Housing Voip | C13: =$E$1 -> 102 | D13: 192168230136
B14: =$E$2 -> DC S.Stefano Housing Voip | C14: =$E$1 -> 102 | D14: 192168230137
B15: =$E$2 -> DC S.Stefano Housing Voip | C15: =$E$1 -> 102 | D15: 192168230138
B16: =$E$2 -> DC S.Stefano Housing Voip | C16: =$E$1 -> 102 | D16: 192168230139
B17: =$E$2 -> DC S.Stefano Housing Voip | C17: =$E$1 -> 102 | D17: 192168230140
B18: =$E$2 -> DC S.Stefano Housing Voip | C18: =$E$1 -> 102 | D18: 192168230141 | F18: Media Gateway MGU 1 - EMERGENZA/URGENZA
B19: =$E$2 -> DC S.Stefano Housing Voip | C19: =$E$1 -> 102 | D19: 192168230142 | F19: Media Gateway MGU 1 - EMERGENZA/URGENZA
B20: =$E$2 -> DC S.Stefano Housing Voip | C20: =$E$1 -> 102 | D20: 192168230143 | F20: Media Gateway MGU 2 - EMERGENZA/URGENZA
B21: =$E$2 -> DC S.Stefano Housing Voip | C21: =$E$1 -> 102 | D21: 192168230144 | F21: Media Gateway MGU 2 - EMERGENZA/URGENZA
B22: =$E$2 -> DC S.Stefano Housing Voip | C22: =$E$1 -> 102 | D22: 192168230145 | F22: Media Gateway MGU 3 - EMERGENZA/URGENZA
B23: =$E$2 -> DC S.Stefano Housing Voip | C23: =$E$1 -> 102 | D23: 192168230146 | F23: Media Gateway MGU 3 - EMERGENZA/URGENZA
B24: =$E$2 -> DC S.Stefano Housing Voip | C24: =$E$1 -> 102 | D24: 192168230147
B25: =$E$2 -> DC S.Stefano Housing Voip | C25: =$E$1 -> 102 | D25: 192168230148
B26: =$E$2 -> DC S.Stefano Housing Voip | C26: =$E$1 -> 102 | D26: 192168230149
B27: =$E$2 -> DC S.Stefano Housing Voip | C27: =$E$1 -> 102 | D27: 192168230150
B28: =$E$2 -> DC S.Stefano Housing Voip | C28: =$E$1 -> 102 | D28: 192168230151 | E28: ss-urg-tel-sw1 | F28: Switch dedicato al SN1 - EMERGENZA/URGENZA
B29: =$E$2 -> DC S.Stefano Housing Voip | C29: =$E$1 -> 102 | D29: 192168230152 | E29: ss-urg-tel-sw2 | F29: Switch dedicato al SN1 - EMERGENZA/URGENZA
B30: =$E$2 -> DC S.Stefano Housing Voip | C30: =$E$1 -> 102 | D30: 192168230153
B31: =$E$2 -> DC S.Stefano Housing Voip | C31: =$E$1 -> 102 | D31: 192168230154
B32: =$E$2 -> DC S.Stefano Housing Voip | C32: =$E$1 -> 102 | D32: 192168230155
B33: =$E$2 -> DC S.Stefano Housing Voip | C33: =$E$1 -> 102 | D33: 192168230156
B34: =$E$2 -> DC S.Stefano Housing Voip | C34: =$E$1 -> 102 | D34: 192168230157
B35: =$E$2 -> DC S.Stefano Housing Voip | C35: =$E$1 -> 102 | D35: 192168230158
B36: =$E$2 -> DC S.Stefano Housing Voip | C36: =$E$1 -> 102 | D36: 192168230159
B37: =$E$2 -> DC S.Stefano Housing Voip | C37: =$E$1 -> 102 | D37: 192168230160 | E37: ss-neu-tel-vipsn1 | F37: VIP /alias SN1 del sito S.Stefano dedicato alla NON URGENZA
B38: =$E$2 -> DC S.Stefano Housing Voip | C38: =$E$1 -> 102 | D38: 192168230161 | E38: ss-neu-tel-prmsn1 | F38: Service Node 1 Primario - NON URGENZA
B39: =$E$2 -> DC S.Stefano Housing Voip | C39: =$E$1 -> 102 | D39: 192168230162 | E39: ss-neu-tel-ridsn1 | F39: Service Node 1 Ridondanza - NON URGENZA
B40: =$E$2 -> DC S.Stefano Housing Voip | C40: =$E$1 -> 102 | D40: 192168230163 | F40: DB Cassandra Primario - NON URGENZA
B41: =$E$2 -> DC S.Stefano Housing Voip | C41: =$E$1 -> 102 | D41: 192168230164 | F41: DB Cassandra Ridondanza - NON URGENZA
B42: =$E$2 -> DC S.Stefano Housing Voip | C42: =$E$1 -> 102 | D42: 192168230165
B43: =$E$2 -> DC S.Stefano Housing Voip | C43: =$E$1 -> 102 | D43: 192168230166
B44: =$E$2 -> DC S.Stefano Housing Voip | C44: =$E$1 -> 102 | D44: 192168230167
B45: =$E$2 -> DC S.Stefano Housing Voip | C45: =$E$1 -> 102 | D45: 192168230168
B46: =$E$2 -> DC S.Stefano Housing Voip | C46: =$E$1 -> 102 | D46: 192168230169
B47: =$E$2 -> DC S.Stefano Housing Voip | C47: =$E$1 -> 102 | D47: 192168230170
B48: =$E$2 -> DC S.Stefano Housing Voip | C48: =$E$1 -> 102 | D48: 192168230171 | F48: Media Gateway MGU 1 - NON URGENZA
B49: =$E$2 -> DC S.Stefano Housing Voip | C49: =$E$1 -> 102 | D49: 192168230172 | F49: Media Gateway MGU 1 - NON URGENZA
B50: =$E$2 -> DC S.Stefano Housing Voip | C50: =$E$1 -> 102 | D50: 192168230173 | F50: Media Gateway MGU 2 - NON URGENZA
B51: =$E$2 -> DC S.Stefano Housing Voip | C51: =$E$1 -> 102 | D51: 192168230174 | F51: Media Gateway MGU 2 - NON URGENZA
B52: =$E$2 -> DC S.Stefano Housing Voip | C52: =$E$1 -> 102 | D52: 192168230175
B53: =$E$2 -> DC S.Stefano Housing Voip | C53: =$E$1 -> 102 | D53: 192168230176
B54: =$E$2 -> DC S.Stefano Housing Voip | C54: =$E$1 -> 102 | D54: 192168230177
B55: =$E$2 -> DC S.Stefano Housing Voip | C55: =$E$1 -> 102 | D55: 192168230178
B56: =$E$2 -> DC S.Stefano Housing Voip | C56: =$E$1 -> 102 | D56: 192168230179
B57: =$E$2 -> DC S.Stefano Housing Voip | C57: =$E$1 -> 102 | D57: 192168230180
B58: =$E$2 -> DC S.Stefano Housing Voip | C58: =$E$1 -> 102 | D58: 192168230181 | E58: ss-neu-tel-sw1 | F58: Switch dedicato al SN1 - NON URGENZA
B59: =$E$2 -> DC S.Stefano Housing Voip | C59: =$E$1 -> 102 | D59: 192168230182 | E59: ss-neu-tel-sw2 | F59: Switch dedicato al SN1 - NON URGENZA
B60: =$E$2 -> DC S.Stefano Housing Voip | C60: =$E$1 -> 102 | D60: 192168230183
B61: =$E$2 -> DC S.Stefano Housing Voip | C61: =$E$1 -> 102 | D61: 192168230184
B62: =$E$2 -> DC S.Stefano Housing Voip | C62: =$E$1 -> 102 | D62: 192168230185
B63: =$E$2 -> DC S.Stefano Housing Voip | C63: =$E$1 -> 102 | D63: 192168230186
B64: =$E$2 -> DC S.Stefano Housing Voip | C64: =$E$1 -> 102 | D64: 192168230187
B65: =$E$2 -> DC S.Stefano Housing Voip | C65: =$E$1 -> 102 | D65: 192168230188
B66: =$E$2 -> DC S.Stefano Housing Voip | C66: =$E$1 -> 102 | D66: 192168230189
B67: =$E$2 -> DC S.Stefano Housing Voip | C67: =$E$1 -> 102 | D67: 192168230190
B68: =$E$2 -> DC S.Stefano Housing Voip | C68: =$E$1 -> 102 | D68: 192168230191
B69: =$E$2 -> DC S.Stefano Housing Voip | C69: =$E$1 -> 102 | D69: 192168230192
B70: =$E$2 -> DC S.Stefano Housing Voip | C70: =$E$1 -> 102 | D70: 192168230193
B71: =$E$2 -> DC S.Stefano Housing Voip | C71: =$E$1 -> 102 | D71: 192168230194
... B131: =$E$2 -> DC S.Stefano Housing Voip | C131: =$E$1 -> 102 | D131: 192168230254
B132: =$E$2 -> DC S.Stefano Housing Voip | C132: =$E$1 -> 102 | D132: 192168230255 | F132: broadcast

Sheet DC S.Stefano Housing Mng
A1: Summary | D1: ID: | E1: =Summary!D13 -> 103 | F1: ='DC Acilia Housing Dati'!F1+1 -> 6
B2: {=MID(CELL("nomefile",A1),FIND("]",CELL("nomefile",A1))+1,255)} -> #VALUE! | D2: Label: | E2: =Summary!B13 -> DC S.Stefano Housing Mng
B4: Label | C4: ID | D4: IP | E4: hostname | F4: Descrizione | G4: Note | H4: OLD_hostname
B5: =$E$2 -> DC S.Stefano Housing Mng | C5: =$E$1 -> 103 | D5: 192.168.241.64 | F5: =VLOOKUP(B2,Summary!B4:E123,2,FALSE) -> #VALUE!
B6: =$E$2 -> DC S.Stefano Housing Mng | C6: =$E$1 -> 103 | D6: 192.168.241.65
B7: =$E$2 -> DC S.Stefano Housing Mng | C7: =$E$1 -> 103 | D7: 192.168.241.66
B8: =$E$2 -> DC S.Stefano Housing Mng | C8: =$E$1 -> 103 | D8: 192.168.241.67
B9: =$E$2 -> DC S.Stefano Housing Mng | C9: =$E$1 -> 103 | D9: 192.168.241.68
B10: =$E$2 -> DC S.Stefano Housing Mng | C10: =$E$1 -> 103 | D10: 192.168.241.69
B11: =$E$2 -> DC S.Stefano Housing Mng | C11: =$E$1 -> 103 | D11: 192.168.241.70
B12: =$E$2 -> DC S.Stefano Housing Mng | C12: =$E$1 -> 103 | D12: 192.168.241.71
B13: =$E$2 -> DC S.Stefano Housing Mng | C13: =$E$1 -> 103 | D13: 192.168.241.72
B14: =$E$2 -> DC S.Stefano Housing Mng | C14: =$E$1 -> 103 | D14: 192.168.241.73
B15: =$E$2 -> DC S.Stefano Housing Mng | C15: =$E$1 -> 103 | D15: 192.168.241.74
B16: =$E$2 -> DC S.Stefano Housing Mng | C16: =$E$1 -> 103 | D16: 192.168.241.75
B17: =$E$2 -> DC S.Stefano Housing Mng | C17: =$E$1 -> 103 | D17: 192.168.241.76
... B35: =$E$2 -> DC S.Stefano Housing Mng | C35: =$E$1 -> 103 | D35: 192.168.241.94
B36: =$E$2 -> DC S.Stefano Housing Mng | C36: =$E$1 -> 103 | D36: 192.168.241.95 | F36: broadcast

Sheet CO Roma S.Camillo Dati
A1: Summary | D1: ID: | E1: =Summary!D14 -> 007 | F1: ='DC Acilia Housing Dati'!F1+1 -> 6
B2: {=MID(CELL("nomefile",A1),FIND("]",CELL("nomefile",A1))+1,255)} -> #VALUE! | D2: Label: | E2: =Summary!B14 -> CO Roma S.Camillo Dati
B4: IP | C4: hostname | D4: Descrizione
B5: 192.168.181.0 | D5: 192.168.181.0/24 - 255.255.255.0
B6: 192.168.181.1
B7: 192.168.181.2
B8: 192.168.181.3
B9: 192.168.181.4
B10: 192.168.181.5
B11: 192.168.181.6
B12: 192.168.181.7
B13: 192.168.181.8
B14: 192.168.181.9
B15: 192.168.181.10
B16: 192.168.181.11
B17: 192.168.181.12
... B259: 192.168.181.254
B260: 192.168.181.255 | D260: broadcast

Sheet CO Roma S.Camillo Voip
A1: Summary | D1: ID: | E1: =Summary!D15 -> 008 | F1: ='DC Acilia Housing Dati'!F1+1 -> 6
B2: {=MID(CELL("nomefile",A1),FIND("]",CELL("nomefile",A1))+1,255)} -> #VALUE! | D2: Label: | E2: =Summary!B15 -> CO Roma S.Camillo Voip
B4: IP | C4: hostname | D4: Descrizione
B5: 192.168.191.0 | D5: 192.168.191.0/24 - 255.255.255.0
B6: 192.168.191.1 | D6: gateway
B7: 192.168.191.2
B8: 192.168.191.3
B9: 192.168.191.4
B10: 192.168.191.5
B11: 192.168.191.6
B12: 192.168.191.7
B13: 192.168.191.8
B14: 192.168.191.9
B15: 192.168.191.10
B16: 192.168.191.11
B17: 192.168.191.12
B18: 192.168.191.13
... B135: 192.168.191.130
B136: 192.168.191.131 | C136: sc-urg-tel-sn1 | D136: Service Node 1 SOPRAVVIVENZA - EMERGENZA/URGENZA
B137: 192.168.191.132
B138: 192.168.191.133
B139: 192.168.191.134
B140: 192.168.191.135
B141: 192.168.191.136
B142: 192.168.191.137
B143: 192.168.191.138
B144: 192.168.191.139
B145: 192.168.191.140
B146: 192.168.191.141 | C146: - | D146: Media Gateway MGU 1 SOPRAVVIVENZA - EMERGENZA/URGENZA - Controller
B147: 192.168.191.142 | C147: - | D147: Media Gateway MGU 1 SOPRAVVIVENZA - EMERGENZA/URGENZA - RTP Resources
B148: 192.168.191.143
B149: 192.168.191.144
B150: 192.168.191.145
B151: 192.168.191.146
B152: 192.168.191.147
B153: 192.168.191.148
B154: 192.168.191.149
B155: 192.168.191.150
B156: 192.168.191.151
B157: 192.168.191.152
B158: 192.168.191.153
B159: 192.168.191.154
... B165: 192.168.191.160
B166: 192.168.191.161 | C166: sc-neu-tel-sn1 | D166: Service Node 1 - NON URGENZA
B167: 192.168.191.162
B168: 192.168.191.163
B169: 192.168.191.164
B170: 192.168.191.165
B171: 192.168.191.166
B172: 192.168.191.167
B173: 192.168.191.168
B174: 192.168.191.169
B175: 192.168.191.170
B176: 192.168.191.171 | C176: - | D176: Media Gateway MGU 1 - NON URGENZA - Controller
B177: 192.168.191.172 | C177: - | D177: Media Gateway MGU 1 - NON URGENZA - RTP Resources
B178: 192.168.191.173
B179: 192.168.191.174
B180: 192.168.191.175
B181: 192.168.191.176
B182: 192.168.191.177
B183: 192.168.191.178
B184: 192.168.191.179
B185: 192.168.191.180
B186: 192.168.191.181
B187: 192.168.191.182
B188: 192.168.191.183
B189: 192.168.191.184
... B259: 192.168.191.254
B260: 192.168.191.255 | D260: broadcast

Sheet CO Roma S.Camillo Voip DR
A1: Summary | D1: ID: | E1: =Summary!D16 -> 108 | F1: ='DC Acilia Housing Dati'!F1+1 -> 6
B2: {=MID(CELL("nomefile",A1),FIND("]",CELL("nomefile",A1))+1,255)} -> #VALUE! | D2: Label: | E2: =Summary!B16 -> CO Roma S.Camillo Voip DR
B4: IP | C4: hostname | D4: Descrizione
B5: 192.168.211.0 | D5: 192.168.211.0/24 - 255.255.255.0
B6: 192.168.211.1 | D6: gateway
B7: 192.168.211.2
B8: 192.168.211.3
B9: 192.168.211.4
B10: 192.168.211.5
B11: 192.168.211.6
B12: 192.168.211.7
B13: 192.168.211.8
B14: 192.168.211.9
B15: 192.168.211.10
B16: 192.168.211.11
B17: 192.168.211.12
B18: 192.168.211.13
... B259: 192.168.211.254
B260: 192.168.211.255 | D260: broadcast

Sheet CO Roma S.Giovanni Dati
A1: Summary | D1: ID: | E1: =Summary!D17 -> 009 | F1: ='DC Acilia Housing Dati'!F1+1 -> 6
B2: {=MID(CELL("nomefile",A1),FIND("]",CELL("nomefile",A1))+1,255)} -> #VALUE! | D2: Label: | E2: =Summary!B17 -> CO Roma S.Giovanni Dati
B4: IP | C4: hostname | D4: Descrizione
B5: 192.168.180.0 | D5: 192.168.180.0/24 - 255.255.255.0
B6: 192.168.180.1
B7: 192.168.180.2
B8: 192.168.180.3
B9: 192.168.180.4
B10: 192.168.180.5
B11: 192.168.180.6
B12: 192.168.180.7
B13: 192.168.180.8
B14: 192.168.180.9
B15: 192.168.180.10 | C15: PSN1-RM2 | D15: Postazione test PSN C.O.118 Vicaria s.Giovanni
B16: 192.168.180.11
B17: 192.168.180.12
B18: 192.168.180.13
B19: 192.168.180.14
B20: 192.168.180.15
B21: 192.168.180.16
B22: 192.168.180.17
B23: 192.168.180.18
B24: 192.168.180.19
B25: 192.168.180.20
B26: 192.168.180.21
B27: 192.168.180.22
... B259: 192.168.180.254
B260: 192.168.180.255 | D260: broadcast

Sheet CO Roma S.Giovanni Voip
A1: Summary | D1: ID: | E1: =Summary!D18 -> 010 | F1: ='DC Acilia Housing Dati'!F1+1 -> 6
B2: {=MID(CELL("nomefile",A1),FIND("]",CELL("nomefile",A1))+1,255)} -> #VALUE! | D2: Label: | E2: =Summary!B18 -> CO Roma S.Giovanni Voip
B4: IP | C4: hostname | D4: Descrizione
B5: 192.168.190.0 | D5: 192.168.190.0/24 - 255.255.255.0
B6: 192.168.190.1 | D6: gateway
B7: 192.168.190.2
B8: 192.168.190.3
B9: 192.168.190.4
B10: 192.168.190.5
B11: 192.168.190.6
B12: 192.168.190.7
B13: 192.168.190.8
B14: 192.168.190.9
B15: 192.168.190.10
B16: 192.168.190.11
B17: 192.168.190.12
B18: 192.168.190.13
... B124: 192.168.190.119
B125: 192.168.190.120 | C125: INT.01-RM2 3501 | D125: Interno postazione test PSN C.O.118 Vicaria s.Giovanni
B126: 192.168.190.121
B127: 192.168.190.122
B128: 192.168.190.123
B129: 192.168.190.124
B130: 192.168.190.125
B131: 192.168.190.126
B132: 192.168.190.127
B133: 192.168.190.128
B134: 192.168.190.129
B135: 192.168.190.130
B136: 192.168.190.131 | C136: sg-urg-tel-sn1 | D136: Service Node 1 SOPRAVVIVENZA - EMERGENZA/URGENZA
B137: 192.168.190.132
B138: 192.168.190.133
B139: 192.168.190.134
B140: 192.168.190.135
B141: 192.168.190.136
B142: 192.168.190.137
B143: 192.168.190.138
B144: 192.168.190.139
B145: 192.168.190.140
B146: 192.168.190.141 | C146: - | D146: Media Gateway MGU 1 SOPRAVVIVENZA - EMERGENZA/URGENZA - Controller
B147: 192.168.190.142 | C147: - | D147: Media Gateway MGU 1 SOPRAVVIVENZA - EMERGENZA/URGENZA - RTP Resources
B148: 192.168.190.143
B149: 192.168.190.144
B150: 192.168.190.145
B151: 192.168.190.146
B152: 192.168.190.147
B153: 192.168.190.148
B154: 192.168.190.149
B155: 192.168.190.150
B156: 192.168.190.151
B157: 192.168.190.152
B158: 192.168.190.153
B159: 192.168.190.154
... B259: 192.168.190.254
B260: 192.168.190.255 | D260: broadcast

Sheet CO Roma S.Giovanni Voip DR
A1: Summary | D1: ID: | E1: =Summary!D19 -> 110 | F1: ='DC Acilia Housing Dati'!F1+1 -> 6
B2: {=MID(CELL("nomefile",A1),FIND("]",CELL("nomefile",A1))+1,255)} -> #VALUE! | D2: Label: | E2: =Summary!B19 -> CO Roma S.Giovanni Voip DR
B4: IP | C4: hostname | D4: Descrizione
B5: 192.168.216.0 | D5: 192.168.216.0/24 - 255.255.255.0
B6: 192.168.216.1 | D6: gateway
B7: 192.168.216.2
B8: 192.168.216.3
B9: 192.168.216.4
B10: 192.168.216.5
B11: 192.168.216.6
B12: 192.168.216.7
B13: 192.168.216.8
B14: 192.168.216.9
B15: 192.168.216.10
B16: 192.168.216.11
B17: 192.168.216.12
B18: 192.168.216.13
... B104: 192.168.216.99
B105: 192168216100
B106: 192168216101
B107: 192168216102
B108: 192168216103
B109: 192168216104
B110: 192168216105
B111: 192168216106
B112: 192168216107
B113: 192168216108
B114: 192168216109
B115: 192168216110
B116: 192168216111
... B259: 192168216254
B260: 192168216255 | D260: broadcast

Sheet CO RietiViterbo Dati
A1: Summary | D1: ID: | E1: =Summary!D20 -> 011 | F1: ='DC Acilia Housing Dati'!F1+1 -> 6
B2: {=MID(CELL("nomefile",A1),FIND("]",CELL("nomefile",A1))+1,255)} -> #VALUE! | D2: Label: | E2: =Summary!B20 -> CO Rieti/Viterbo Dati
B4: IP | C4: hostname | D4: Descrizione
B5: 192.168.183.0 | D5: 192.168.183.0/24 - 255.255.255.0
B6: 192.168.183.1 | C6: Gateway
B7: 192.168.183.2
B8: 192.168.183.3
B9: 192.168.183.4
B10: 192.168.183.5
B11: 192.168.183.6
B12: 192.168.183.7
B13: 192.168.183.8
B14: 192.168.183.9
B15: 192.168.183.10 | C15: PSN1-RI-VT | D15: Postazione test PSN C.O.118 RI-VT
B16: 192.168.183.11
B17: 192.168.183.12
B18: 192.168.183.13
B19: 192.168.183.14
B20: 192.168.183.15
B21: 192.168.183.16
B22: 192.168.183.17
B23: 192.168.183.18
B24: 192.168.183.19
B25: 192.168.183.20
B26: 192.168.183.21
B27: 192.168.183.22
... B259: 192.168.183.254
B260: 192.168.183.255 | D260: broadcast

Sheet CO RietiViterbo Voip
A1: Summary | D1: ID: | E1: =Summary!D21 -> 012 | F1: ='DC Acilia Housing Dati'!F1+1 -> 6
B2: {=MID(CELL("nomefile",A1),FIND("]",CELL("nomefile",A1))+1,255)} -> #VALUE! | D2: Label: | E2: =Summary!B21 -> CO Rieti/Viterbo Voip
B4: IP | C4: hostname | D4: Descrizione
B5: 192.168.193.0 | D5: 192.168.193.0/24 - 255.255.255.0
B6: 192.168.193.1 | D6: gateway
B7: 192.168.193.2
B8: 192.168.193.3
B9: 192.168.193.4
B10: 192.168.193.5
B11: 192.168.193.6
B12: 192.168.193.7
B13: 192.168.193.8
B14: 192.168.193.9
B15: 192.168.193.10
B16: 192.168.193.11
B17: 192.168.193.12
B18: 192.168.193.13
... B124: 192.168.193.119
B125: 192.168.193.120 | C125: INT.01-RI-VT 4001 | D125: Interno postazione test PSN C.O.118 RI-VT
B126: 192.168.193.121
B127: 192.168.193.122
B128: 192.168.193.123
B129: 192.168.193.124
B130: 192.168.193.125
B131: 192.168.193.126
B132: 192.168.193.127
B133: 192.168.193.128
B134: 192.168.193.129
B135: 192.168.193.130
B136: 192.168.193.131 | C136: ri-urg-tel-sn1 | D136: Service Node 1 SOPRAVVIVENZA - EMERGENZA/URGENZA
B137: 192.168.193.132
B138: 192.168.193.133
B139: 192.168.193.134
B140: 192.168.193.135
B141: 192.168.193.136
B142: 192.168.193.137
B143: 192.168.193.138
B144: 192.168.193.139
B145: 192.168.193.140
B146: 192.168.193.141 | D146: Media Gateway MGU 1 SOPRAVVIVENZA - EMERGENZA/URGENZA
B147: 192.168.193.142 | D147: Media Gateway MGU 1 SOPRAVVIVENZA - EMERGENZA/URGENZA
B148: 192.168.193.143
B149: 192.168.193.144
B150: 192.168.193.145
B151: 192.168.193.146
B152: 192.168.193.147
B153: 192.168.193.148
B154: 192.168.193.149
B155: 192.168.193.150
B156: 192.168.193.151
B157: 192.168.193.152
B158: 192.168.193.153
B159: 192.168.193.154
... B259: 192.168.193.254
B260: 192.168.193.255 | D260: broadcast

Sheet CO RietiViterbo Voip DR
A1: Summary | D1: ID: | E1: =Summary!D22 -> 112 | F1: ='DC Acilia Housing Dati'!F1+1 -> 6
B2: {=MID(CELL("nomefile",A1),FIND("]",CELL("nomefile",A1))+1,255)} -> #VALUE! | D2: Label: | E2: =Summary!B22 -> CO Rieti/Viterbo Voip DR
B4: IP | C4: hostname | D4: Descrizione
B5: 192.168.213.0 | D5: 192.168.213.0/24 - 255.255.255.0
B6: 192.168.213.1 | D6: gateway
B7: 192.168.213.2
B8: 192.168.213.3
B9: 192.168.213.4
B10: 192.168.213.5
B11: 192.168.213.6
B12: 192.168.213.7
B13: 192.168.213.8
B14: 192.168.213.9
B15: 192.168.213.10
B16: 192.168.213.11
B17: 192.168.213.12
B18: 192.168.213.13
... B259: 192.168.213.254
B260: 192.168.213.255 | D260: broadcast

Sheet CO Latina Dati
A1: Summary | D1: ID: | E1: =Summary!D23 -> 013 | F1: ='DC Acilia Housing Dati'!F1+1 -> 6
B2: {=MID(CELL("nomefile",A1),FIND("]",CELL("nomefile",A1))+1,255)} -> #VALUE! | D2: Label: | E2: =Summary!B23 -> CO Latina Dati
B4: IP | C4: hostname | D4: Descrizione
B5: 192.168.184.0 | D5: 192.168.184.0/24 - 255.255.255.0
B6: 192.168.184.1
B7: 192.168.184.2
B8: 192.168.184.3
B9: 192.168.184.4
B10: 192.168.184.5
B11: 192.168.184.6
B12: 192.168.184.7
B13: 192.168.184.8
B14: 192.168.184.9
B15: 192.168.184.10 | C15: PSN1-LT | D15: Postazione test PSN C.O.118 LT
B16: 192.168.184.11
B17: 192.168.184.12
B18: 192.168.184.13
B19: 192.168.184.14
B20: 192.168.184.15
B21: 192.168.184.16
B22: 192.168.184.17
B23: 192.168.184.18
B24: 192.168.184.19
B25: 192.168.184.20
B26: 192.168.184.21
B27: 192.168.184.22
... B259: 192.168.184.254
B260: 192.168.184.255 | D260: broadcast

Sheet CO Latina Voip
A1: Summary | D1: ID: | E1: =Summary!D24 -> 014 | F1: ='DC Acilia Housing Dati'!F1+1 -> 6
B2: {=MID(CELL("nomefile",A1),FIND("]",CELL("nomefile",A1))+1,255)} -> #VALUE! | D2: Label: | E2: =Summary!B24 -> CO Latina Voip
B4: IP | C4: hostname | D4: Descrizione
B5: 192.168.194.0 | D5: 192.168.194.0/24 - 255.255.255.0
B6: 192.168.194.1 | D6: gateway
B7: 192.168.194.2
B8: 192.168.194.3
B9: 192.168.194.4
B10: 192.168.194.5
B11: 192.168.194.6
B12: 192.168.194.7
B13: 192.168.194.8
B14: 192.168.194.9
B15: 192.168.194.10
B16: 192.168.194.11
B17: 192.168.194.12
B18: 192.168.194.13
... B124: 192.168.194.119
B125: 192.168.194.120 | C125: INT.01-LT 7001 | D125: Interno postazione test PSN C.O.118 Latina
B126: 192.168.194.121
B127: 192.168.194.122
B128: 192.168.194.123
B129: 192.168.194.124
B130: 192.168.194.125
B131: 192.168.194.126
B132: 192.168.194.127
B133: 192.168.194.128
B134: 192.168.194.129
B135: 192.168.194.130
B136: 192.168.194.131 | C136: lt-urg-tel-sn1 | D136: Service Node 1 SOPRAVVIVENZA - EMERGENZA/URGENZA
B137: 192.168.194.132
B138: 192.168.194.133
B139: 192.168.194.134
B140: 192.168.194.135
B141: 192.168.194.136
B142: 192.168.194.137
B143: 192.168.194.138
B144: 192.168.194.139
B145: 192.168.194.140
B146: 192.168.194.141 | D146: Media Gateway MGU 1 SOPRAVVIVENZA - EMERGENZA/URGENZA
B147: 192.168.194.142 | D147: Media Gateway MGU 1 SOPRAVVIVENZA - EMERGENZA/URGENZA
B148: 192.168.194.143
B149: 192.168.194.144
B150: 192.168.194.145
B151: 192.168.194.146
B152: 192.168.194.147
B153: 192.168.194.148
B154: 192.168.194.149
B155: 192.168.194.150
B156: 192.168.194.151
B157: 192.168.194.152
B158: 192.168.194.153
B159: 192.168.194.154
... B259: 192.168.194.254
B260: 192.168.194.255 | D260: broadcast

Sheet CO Latina Voip DR
A1: Summary | D1: ID: | E1: =Summary!D25 -> 114 | F1: ='DC Acilia Housing Dati'!F1+1 -> 6
B2: {=MID(CELL("nomefile",A1),FIND("]",CELL("nomefile",A1))+1,255)} -> #VALUE! | D2: Label: | E2: =Summary!B25 -> CO Latina Voip DR
B4: IP | C4: hostname | D4: Descrizione
B5: 192.168.214.0 | D5: 192.168.214.0/24 - 255.255.255.0
B6: 192.168.214.1 | D6: gateway
B7: 192.168.214.2
B8: 192.168.214.3
B9: 192.168.214.4
B10: 192.168.214.5
B11: 192.168.214.6
B12: 192.168.214.7
B13: 192.168.214.8
B14: 192.168.214.9
B15: 192.168.214.10
B16: 192.168.214.11
B17: 192.168.214.12
B18: 192.168.214.13
... B259: 192.168.214.254
B260: 192.168.214.255 | D260: broadcast

Sheet CO Frosinone Dati
A1: Summary | D1: ID: | E1: =Summary!D26 -> 015 | F1: ='DC Acilia Housing Dati'!F1+1 -> 6
B2: {=MID(CELL("nomefile",A1),FIND("]",CELL("nomefile",A1))+1,255)} -> #VALUE! | D2: Label: | E2: =Summary!B26 -> CO Frosinone Dati
B4: IP | C4: hostname | D4: Descrizione
B5: 192.168.185.0 | D5: 192.168.185.0/24 - 255.255.255.0
B6: 192.168.185.1
B7: 192.168.185.2
B8: 192.168.185.3
B9: 192.168.185.4
B10: 192.168.185.5
B11: 192.168.185.6
B12: 192.168.185.7
B13: 192.168.185.8
B14: 192.168.185.9
B15: 192.168.185.10 | C15: PSN1-FR | D15: Postazione test PSN C.O.118 FR
B16: 192.168.185.11
B17: 192.168.185.12
B18: 192.168.185.13
B19: 192.168.185.14
B20: 192.168.185.15
B21: 192.168.185.16
B22: 192.168.185.17
B23: 192.168.185.18
B24: 192.168.185.19
B25: 192.168.185.20
B26: 192.168.185.21
B27: 192.168.185.22
... B259: 192.168.185.254
B260: 192.168.185.255 | D260: broadcast

Sheet CO Frosinone Voip
A1: Summary | D1: ID: | E1: =Summary!D27 -> 016 | F1: ='DC Acilia Housing Dati'!F1+1 -> 6
B2: {=MID(CELL("nomefile",A1),FIND("]",CELL("nomefile",A1))+1,255)} -> #VALUE! | D2: Label: | E2: =Summary!B27 -> CO Frosinone Voip
B4: IP | C4: hostname | D4: Descrizione
B5: 192.168.195.0 | D5: 192.168.195.0/24 - 255.255.255.0
B6: 192.168.195.1 | D6: gateway
B7: 192.168.195.2
B8: 192.168.195.3
B9: 192.168.195.4
B10: 192.168.195.5
B11: 192.168.195.6
B12: 192.168.195.7
B13: 192.168.195.8
B14: 192.168.195.9
B15: 192.168.195.10
B16: 192.168.195.11
B17: 192.168.195.12
B18: 192.168.195.13
... B124: 192.168.195.119
B125: 192.168.195.120 | C125: INT.01-FR 6001 | D125: Interno postazione test PSN C.O.118 FR
B126: 192.168.195.121
B127: 192.168.195.122
B128: 192.168.195.123
B129: 192.168.195.124
B130: 192.168.195.125
B131: 192.168.195.126
B132: 192.168.195.127
B133: 192.168.195.128
B134: 192.168.195.129
B135: 192.168.195.130
B136: 192.168.195.131 | C136: fr-urg-tel-sn1 | D136: Service Node 1 SOPRAVVIVENZA - EMERGENZA/URGENZA
B137: 192.168.195.132
B138: 192.168.195.133
B139: 192.168.195.134
B140: 192.168.195.135
B141: 192.168.195.136
B142: 192.168.195.137
B143: 192.168.195.138
B144: 192.168.195.139
B145: 192.168.195.140
B146: 192.168.195.141 | D146: Media Gateway MGU 1 SOPRAVVIVENZA - EMERGENZA/URGENZA
B147: 192.168.195.142 | D147: Media Gateway MGU 1 SOPRAVVIVENZA - EMERGENZA/URGENZA
B148: 192.168.195.143
B149: 192.168.195.144
B150: 192.168.195.145
B151: 192.168.195.146
B152: 192.168.195.147
B153: 192.168.195.148
B154: 192.168.195.149
B155: 192.168.195.150
B156: 192.168.195.151
B157: 192.168.195.152
B158: 192.168.195.153
B159: 192.168.195.154
... B259: 192.168.195.254
B260: 192.168.195.255 | D260: broadcast

Sheet CO Frosinone Voip DR
A1: Summary | D1: ID: | E1: =Summary!D28 -> 116 | F1: ='DC Acilia Housing Dati'!F1+1 -> 6
B2: {=MID(CELL("nomefile",A1),FIND("]",CELL("nomefile",A1))+1,255)} -> #VALUE! | D2: Label: | E2: =Summary!B28 -> CO Frosinone Voip DR
B4: IP | C4: hostname | D4: Descrizione
B5: 192.168.215.0 | D5: 192.168.215.0/24 - 255.255.255.0
B6: 192.168.215.1 | D6: gateway
B7: 192.168.215.2
B8: 192.168.215.3
B9: 192.168.215.4
B10: 192.168.215.5
B11: 192.168.215.6
B12: 192.168.215.7
B13: 192.168.215.8
B14: 192.168.215.9
B15: 192.168.215.10
B16: 192.168.215.11
B17: 192.168.215.12
B18: 192.168.215.13
... B259: 192.168.215.254
B260: 192.168.215.255 | D260: broadcast

Sheet CO Anagnina Dati
A1: Summary | D1: ID: | E1: =Summary!D29 -> 017 | F1: ='DC Acilia Housing Dati'!F1+1 -> 6
B2: {=MID(CELL("nomefile",A1),FIND("]",CELL("nomefile",A1))+1,255)} -> #VALUE! | D2: Label: | E2: =Summary!B29 -> CO Anagnina1 Dati
B4: IP | C4: hostname | D4: Descrizione
B5: 192.168.186.0 | D5: 192.168.186.0/24 - 255.255.255.0
B6: 192.168.186.1
B7: 192.168.186.2
B8: 192.168.186.3
B9: 192.168.186.4
B10: 192.168.186.5
B11: 192.168.186.6
B12: 192.168.186.7
B13: 192.168.186.8
B14: 192.168.186.9
B15: 192.168.186.10
B16: 192.168.186.11
B17: 192.168.186.12
... B259: 192.168.186.254
B260: 192.168.186.255 | D260: broadcast

Sheet CO Anagnina Voip
A1: Summary | D1: ID: | E1: =Summary!D30 -> 018 | F1: ='DC Acilia Housing Dati'!F1+1 -> 6
B2: {=MID(CELL("nomefile",A1),FIND("]",CELL("nomefile",A1))+1,255)} -> #VALUE! | D2: Label: | E2: =Summary!B30 -> CO Anagnina1 Voip
B4: IP | C4: hostname | D4: Descrizione
B5: 192.168.196.0 | D5: 192.168.196.0/24 - 255.255.255.0
B6: 192.168.196.1 | D6: gateway
B7: 192.168.196.2
B8: 192.168.196.3
B9: 192.168.196.4
B10: 192.168.196.5
B11: 192.168.196.6
B12: 192.168.196.7
B13: 192.168.196.8
B14: 192.168.196.9
B15: 192.168.196.10
B16: 192.168.196.11
B17: 192.168.196.12
B18: 192.168.196.13
... B165: 192.168.196.160
B166: 192.168.196.161 | C166: an-neu-tel-sn1 | D166: Service Node 1 - NON URGENZA
B167: 192.168.196.162
B168: 192.168.196.163
B169: 192.168.196.164
B170: 192.168.196.165
B171: 192.168.196.166
B172: 192.168.196.167
B173: 192.168.196.168
B174: 192.168.196.169
B175: 192.168.196.170
B176: 192.168.196.171 | D176: Media Gateway MGU 1 - NON URGENZA
B177: 192.168.196.172 | D177: Media Gateway MGU 1 - NON URGENZA
B178: 192.168.196.173
B179: 192.168.196.174
B180: 192.168.196.175
B181: 192.168.196.176
B182: 192.168.196.177
B183: 192.168.196.178
B184: 192.168.196.179
B185: 192.168.196.180
B186: 192.168.196.181
B187: 192.168.196.182
B188: 192.168.196.183
B189: 192.168.196.184
... B212: 192.168.196.207
B213: 192168196208
B214: 192.168.196.209
B215: 192.168.196.210
B216: 192.168.196.211
B217: 192.168.196.212
B218: 192.168.196.213
B219: 192.168.196.214
B220: 192.168.196.215
B221: 192.168.196.216
B222: 192.168.196.217
B223: 192.168.196.218
B224: 192.168.196.219
B225: 192.168.196.220
... B259: 192.168.196.254
B260: 192.168.196.255 | D260: broadcast

Sheet WAF-Leonardo
A1: Summary | D1: ID: | E1: 000
B2: {=MID(CELL("nomefile",A1),FIND("]",CELL("nomefile",A1))+1,255)} -> #VALUE! | D2: Label: | E2: Waf Leonardo
B4: Label | C4: ID | D4: IP | E4: hostname | F4: Descrizione | G4: Note | H4: OLD_hostname
B5: =$E$2 -> Waf Leonardo | C5: =$E$1 -> 000 | D5: 10.197.253.0 | F5: 10.197.253.0/24 - 255.255.255.0
B6: =$E$2 -> Waf Leonardo | C6: =$E$1 -> 000 | D6: 10.197.253.1
B7: =$E$2 -> Waf Leonardo | C7: =$E$1 -> 000 | D7: 10.197.253.2
B8: =$E$2 -> Waf Leonardo | C8: =$E$1 -> 000 | D8: 10.197.253.3
B9: =$E$2 -> Waf Leonardo | C9: =$E$1 -> 000 | D9: 10.197.253.4
B10: =$E$2 -> Waf Leonardo | C10: =$E$1 -> 000 | D10: 10.197.253.5
B11: =$E$2 -> Waf Leonardo | C11: =$E$1 -> 000 | D11: 10.197.253.6
B12: =$E$2 -> Waf Leonardo | C12: =$E$1 -> 000 | D12: 10.197.253.7
B13: =$E$2 -> Waf Leonardo | C13: =$E$1 -> 000 | D13: 10.197.253.8
B14: =$E$2 -> Waf Leonardo | C14: =$E$1 -> 000 | D14: 10.197.253.9
B15: =$E$2 -> Waf Leonardo | C15: =$E$1 -> 000 | D15: 10.197.253.10
B16: =$E$2 -> Waf Leonardo | C16: =$E$1 -> 000 | D16: 10.197.253.11
B17: =$E$2 -> Waf Leonardo | C17: =$E$1 -> 000 | D17: 10.197.253.12
... B29: =$E$2 -> Waf Leonardo | C29: =$E$1 -> 000 | D29: 10.197.253.24
B30: =$E$2 -> Waf Leonardo | C30: =$E$1 -> 000 | D30: 10.197.253.25 | E30: https://eu-sie.ares118.it | F30: 10.58.1.10 (sso-sie,mappe-eu-sie,tunnel-eu-sie) | G30: VIP AS-IS: 10.118.150.25 - Vip Ares 192.168.1.242
B31: =$E$2 -> Waf Leonardo | C31: =$E$1 -> 000 | D31: 10.197.253.26 | E31: https://neu-sie.ares118.it | F31: 10.58.1.11 (tunnel-neu-sie) | G31: VIP AS-IS: 10.118.150.26 - Vip Ares 192.168.1.27
B32: =$E$2 -> Waf Leonardo | C32: =$E$1 -> 000 | D32: 10.197.253.27 | E32: https://ext-sie.ares118.it | F32: 10.58.1.12 | G32: VIP AS-IS: 10.118.150.27 - Vip Ares 192.168.1.28
B33: =$E$2 -> Waf Leonardo | C33: =$E$1 -> 000 | D33: 10.197.253.28 | E33: https://mobile-sie.ares118.it | F33: 10.58.1.13 | G33: VIP AS-IS: 10.118.150.28 - Vip Ares 192.168.1.33
B34: =$E$2 -> Waf Leonardo | C34: =$E$1 -> 000 | D34: 10.197.253.29
B35: =$E$2 -> Waf Leonardo | C35: =$E$1 -> 000 | D35: 10.197.253.30 | E35: http://172.22.118.10/schedacontatto/NUES… | F35: 10.58.1.10 per NUE 112
B36: =$E$2 -> Waf Leonardo | C36: =$E$1 -> 000 | D36: 10.197.253.31
B37: =$E$2 -> Waf Leonardo | C37: =$E$1 -> 000 | D37: 10.197.253.32 | E37: https://eu-testsie.ares118.it | F37: 10.58.131.10 (sso-sie,mappe-eu-sie,tunnel-eu-sie)
B38: =$E$2 -> Waf Leonardo | C38: =$E$1 -> 000 | D38: 10.197.253.33 | E38: https://neu-testsie.ares118.it | F38: 10.58.131.11 (tunnel-neu-sie)
B39: =$E$2 -> Waf Leonardo | C39: =$E$1 -> 000 | D39: 10.197.253.34 | E39: https://ext-testsie.ares118.it | F39: 10.58.131.12
B40: =$E$2 -> Waf Leonardo | C40: =$E$1 -> 000 | D40: 10.197.253.35 | E40: https://mobile-testsie.ares118.it | F40: 10.58.131.13
B41: =$E$2 -> Waf Leonardo | C41: =$E$1 -> 000 | D41: 10.197.253.36 | E41: https://stosie118.ares118.it/gui/index.htm https://stosan-rm.ares118.it/Segreteria/index.faces https://stosan-fr.ares118.it/Segreteria/index.faces https://stosan-lt.ares118.it/Segreteria/index.faces https://stosan-ri.ares118.it/Segreteria/index.faces https://stosan-vt.ares118.it/Segreteria/index.faces https://stolsan-rm.ares118.it/J118BackEndSegreteria/index.do https://stolsan-ri.ares118.it/J118BackEndSegreteria/index.do https://stolsan-fr.ares118.it/J118BackEndSegreteria/index.do https://stolsan-vt.ares118.it/J118BackEndSegreteria/index.do https://stolsan-lt.ares118.it/J118BackEndSegreteria/index.do | F41: - | G41: 10.58.1.23
B42: =$E$2 -> Waf Leonardo | C42: =$E$1 -> 000 | D42: 10.197.253.37 | E42: https://bi-sie.ares118.it
B43: =$E$2 -> Waf Leonardo | C43: =$E$1 -> 000 | D43: 10.197.253.38
B44: =$E$2 -> Waf Leonardo | C44: =$E$1 -> 000 | D44: 10.197.253.39
B45: =$E$2 -> Waf Leonardo | C45: =$E$1 -> 000 | D45: 10.197.253.40
B46: =$E$2 -> Waf Leonardo | C46: =$E$1 -> 000 | D46: 10.197.253.41
B47: =$E$2 -> Waf Leonardo | C47: =$E$1 -> 000 | D47: 10.197.253.42
B48: =$E$2 -> Waf Leonardo | C48: =$E$1 -> 000 | D48: 10.197.253.43
B49: =$E$2 -> Waf Leonardo | C49: =$E$1 -> 000 | D49: 10.197.253.44
B50: =$E$2 -> Waf Leonardo | C50: =$E$1 -> 000 | D50: 10.197.253.45
B51: =$E$2 -> Waf Leonardo | C51: =$E$1 -> 000 | D51: 10.197.253.46
B52: =$E$2 -> Waf Leonardo | C52: =$E$1 -> 000 | D52: 10.197.253.47
B53: =$E$2 -> Waf Leonardo | C53: =$E$1 -> 000 | D53: 10.197.253.48
B54: =$E$2 -> Waf Leonardo | C54: =$E$1 -> 000 | D54: 10.197.253.49
... B104: =$E$2 -> Waf Leonardo | C104: =$E$1 -> 000 | D104: 10.197.253.99
B105: =$E$2 -> Waf Leonardo | C105: =$E$1 -> 000 | D105: 10197253100
B106: =$E$2 -> Waf Leonardo | C106: =$E$1 -> 000 | D106: 10197253101
B107: =$E$2 -> Waf Leonardo | C107: =$E$1 -> 000 | D107: 10197253102
B108: =$E$2 -> Waf Leonardo | C108: =$E$1 -> 000 | D108: 10197253103
B109: =$E$2 -> Waf Leonardo | C109: =$E$1 -> 000 | D109: 10197253104
B110: =$E$2 -> Waf Leonardo | C110: =$E$1 -> 000 | D110: 10197253105
B111: =$E$2 -> Waf Leonardo | C111: =$E$1 -> 000 | D111: 10197253106
B112: =$E$2 -> Waf Leonardo | C112: =$E$1 -> 000 | D112: 10197253107
B113: =$E$2 -> Waf Leonardo | C113: =$E$1 -> 000 | D113: 10197253108
B114: =$E$2 -> Waf Leonardo | C114: =$E$1 -> 000 | D114: 10197253109
B115: =$E$2 -> Waf Leonardo | C115: =$E$1 -> 000 | D115: 10197253110
B116: =$E$2 -> Waf Leonardo | C116: =$E$1 -> 000 | D116: 10197253111
... B259: =$E$2 -> Waf Leonardo | C259: =$E$1 -> 000 | D259: 10197253254
B260: =$E$2 -> Waf Leonardo | C260: =$E$1 -> 000 | D260: 10197253255 | F260: broadcast

Sheet 10.58.1.0 |24
A1: Summary | D1: ID: | E1: =Summary!D37 -> 019
B2: {=MID(CELL("nomefile",A1),FIND("]",CELL("nomefile",A1))+1,255)} -> #VALUE! | D2: Label: | E2: =Summary!E37 -> VIP L4 su edge router
B4: Label | C4: ID | D4: IP | E4: hostname | F4: Descrizione | G4: Note | H4: OLD_hostname
B5: =$E$2 -> VIP L4 su edge router | C5: =$E$1 -> 019 | D5: 10.58.1.0 | F5: 10.58.1.0/24 - 255.255.255.0
B6: =$E$2 -> VIP L4 su edge router | C6: =$E$1 -> 019 | D6: 10.58.1.1
B7: =$E$2 -> VIP L4 su edge router | C7: =$E$1 -> 019 | D7: 10.58.1.2
B8: =$E$2 -> VIP L4 su edge router | C8: =$E$1 -> 019 | D8: 10.58.1.3
B9: =$E$2 -> VIP L4 su edge router | C9: =$E$1 -> 019 | D9: 10.58.1.4
B10: =$E$2 -> VIP L4 su edge router | C10: =$E$1 -> 019 | D10: 10.58.1.5
B11: =$E$2 -> VIP L4 su edge router | C11: =$E$1 -> 019 | D11: 10.58.1.6
B12: =$E$2 -> VIP L4 su edge router | C12: =$E$1 -> 019 | D12: 10.58.1.7
B13: =$E$2 -> VIP L4 su edge router | C13: =$E$1 -> 019 | D13: 10.58.1.8
B14: =$E$2 -> VIP L4 su edge router | C14: =$E$1 -> 019 | D14: 10.58.1.9
B15: =$E$2 -> VIP L4 su edge router | C15: =$E$1 -> 019 | D15: 10.58.1.10 | E15: VIP 1 | F15: 10.197.253.25 - eu-sie.ares118.it
B16: =$E$2 -> VIP L4 su edge router | C16: =$E$1 -> 019 | D16: 10.58.1.11 | E16: VIP 2 | F16: 10.197.253.26 - neu-sie.ares118.it
B17: =$E$2 -> VIP L4 su edge router | C17: =$E$1 -> 019 | D17: 10.58.1.12 | E17: VIP 3 | F17: 10.197.253.27 - ext-sie.ares118.it
B18: =$E$2 -> VIP L4 su edge router | C18: =$E$1 -> 019 | D18: 10.58.1.13 | E18: VIP 4 | F18: 10.197.253.28 - mobile-sie.ares118.it
B19: =$E$2 -> VIP L4 su edge router | C19: =$E$1 -> 019 | D19: 10.58.1.14
B20: =$E$2 -> VIP L4 su edge router | C20: =$E$1 -> 019 | D20: 10.58.1.15
B21: =$E$2 -> VIP L4 su edge router | C21: =$E$1 -> 019 | D21: 10.58.1.16
B22: =$E$2 -> VIP L4 su edge router | C22: =$E$1 -> 019 | D22: 10.58.1.17
B23: =$E$2 -> VIP L4 su edge router | C23: =$E$1 -> 019 | D23: 10.58.1.18
B24: =$E$2 -> VIP L4 su edge router | C24: =$E$1 -> 019 | D24: 10.58.1.19
B25: =$E$2 -> VIP L4 su edge router | C25: =$E$1 -> 019 | D25: 10.58.1.20 | E25: VIP5 | F25: 10.197.253.36 stosie118.ares118.it (tunnel-stosie118, mappe-stosie118, sso-stosie118)
B26: =$E$2 -> VIP L4 su edge router | C26: =$E$1 -> 019 | D26: 10.58.1.21 | E26: VIP6 | F26: 10.197.253.36 stosan-rm.ares118.it (stosan-fr, stosan-lt, stosan-vt, stosan-ri)
B27: =$E$2 -> VIP L4 su edge router | C27: =$E$1 -> 019 | D27: 10.58.1.22 | E27: VIP7 | F27: 10.197.253.36 stolsan-rm.ares118.it (stolsan-fr, stolsan-lt, stolsan-vt, stolsan-ri)
B28: =$E$2 -> VIP L4 su edge router | C28: =$E$1 -> 019 | D28: 10.58.1.23 | E28: VIP8 | F28: 10.197.253.37 bi-sie.ares118.it
B29: =$E$2 -> VIP L4 su edge router | C29: =$E$1 -> 019 | D29: 10.58.1.24
B30: =$E$2 -> VIP L4 su edge router | C30: =$E$1 -> 019 | D30: 10.58.1.25
B31: =$E$2 -> VIP L4 su edge router | C31: =$E$1 -> 019 | D31: 10.58.1.26
B32: =$E$2 -> VIP L4 su edge router | C32: =$E$1 -> 019 | D32: 10.58.1.27
B33: =$E$2 -> VIP L4 su edge router | C33: =$E$1 -> 019 | D33: 10.58.1.28
B34: =$E$2 -> VIP L4 su edge router | C34: =$E$1 -> 019 | D34: 10.58.1.29
B35: =$E$2 -> VIP L4 su edge router | C35: =$E$1 -> 019 | D35: 10.58.1.30
B36: =$E$2 -> VIP L4 su edge router | C36: =$E$1 -> 019 | D36: 10.58.1.31
B37: =$E$2 -> VIP L4 su edge router | C37: =$E$1 -> 019 | D37: 10.58.1.32
B38: =$E$2 -> VIP L4 su edge router | C38: =$E$1 -> 019 | D38: 10.58.1.33
B39: =$E$2 -> VIP L4 su edge router | C39: =$E$1 -> 019 | D39: 10.58.1.34
B40: =$E$2 -> VIP L4 su edge router | C40: =$E$1 -> 019 | D40: 10.58.1.35
... B259: =$E$2 -> VIP L4 su edge router | C259: =$E$1 -> 019 | D259: 10.58.1.254
B260: =$E$2 -> VIP L4 su edge router | C260: =$E$1 -> 019 | D260: 10.58.1.255 | F260: broadcast

Sheet 10.58.3.0 |24
A1: d | D1: ID: | E1: =Summary!D38 -> 020
B2: {=MID(CELL("nomefile",A1),FIND("]",CELL("nomefile",A1))+1,255)} -> #VALUE! | D2: Label: | E2: =Summary!E38 -> Ipa, SSO
B4: Label | C4: ID | D4: IP | E4: hostname | F4: Descrizione | G4: NOTE | H4: OLD Hostname
B5: =$E$2 -> Ipa, SSO | C5: =$E$1 -> 020 | D5: 10.58.3.0 | F5: 10.58.3.0/24 - 255.255.255.0
B6: =$E$2 -> Ipa, SSO | C6: =$E$1 -> 020 | D6: 10.58.3.1
B7: =$E$2 -> Ipa, SSO | C7: =$E$1 -> 020 | D7: 10.58.3.2
B8: =$E$2 -> Ipa, SSO | C8: =$E$1 -> 020 | D8: 10.58.3.3
B9: =$E$2 -> Ipa, SSO | C9: =$E$1 -> 020 | D9: 10.58.3.4 | E9: bc-prod-ipa01 | F9: SSO di sistema | H9: urg-dc1
B10: =$E$2 -> Ipa, SSO | C10: =$E$1 -> 020 | D10: 10.58.3.5 | E10: bc-prod-ipa02 | F10: SSO di sistema | H10: urg-dc2
B11: =$E$2 -> Ipa, SSO | C11: =$E$1 -> 020 | D11: 10.58.3.6 | E11: urg-dns1 | F11: DNS INTERNO | G11: DA RINOMINARE IN - bc-prod-dns-01 | H11: urg-dns1
B12: =$E$2 -> Ipa, SSO | C12: =$E$1 -> 020 | D12: 10.58.3.7 | E12: urg-dns2 | F12: DNS INTERNO | G12: DA RINOMINARE IN - bc-prod-dns-02 | H12: urg-dns2
B13: =$E$2 -> Ipa, SSO | C13: =$E$1 -> 020 | D13: 10.58.3.8
B14: =$E$2 -> Ipa, SSO | C14: =$E$1 -> 020 | D14: 10.58.3.9
B15: =$E$2 -> Ipa, SSO | C15: =$E$1 -> 020 | D15: 10.58.3.10
B16: =$E$2 -> Ipa, SSO | C16: =$E$1 -> 020 | D16: 10.58.3.11
B17: =$E$2 -> Ipa, SSO | C17: =$E$1 -> 020 | D17: 10.58.3.12
B18: =$E$2 -> Ipa, SSO | C18: =$E$1 -> 020 | D18: 10.58.3.13
B19: =$E$2 -> Ipa, SSO | C19: =$E$1 -> 020 | D19: 10.58.3.14
B20: =$E$2 -> Ipa, SSO | C20: =$E$1 -> 020 | D20: 10.58.3.15
B21: =$E$2 -> Ipa, SSO | C21: =$E$1 -> 020 | D21: 10.58.3.16
B22: =$E$2 -> Ipa, SSO | C22: =$E$1 -> 020 | D22: 10.58.3.17
B23: =$E$2 -> Ipa, SSO | C23: =$E$1 -> 020 | D23: 10.58.3.18
B24: =$E$2 -> Ipa, SSO | C24: =$E$1 -> 020 | D24: 10.58.3.19
... B256: =$E$2 -> Ipa, SSO | C256: =$E$1 -> 020 | D256: 10.58.3.251
B257: =$E$2 -> Ipa, SSO | C257: =$E$1 -> 020 | D257: 10.58.3.252 | E257: fwd-proxy | F257: Forward Proxy
B258: =$E$2 -> Ipa, SSO | C258: =$E$1 -> 020 | D258: 10.58.3.253 | E258: kickstart-ca | F258: Reverse Proxy (Nginx KickStart)
B259: =$E$2 -> Ipa, SSO | C259: =$E$1 -> 020 | D259: 10.58.3.254
B260: =$E$2 -> Ipa, SSO | C260: =$E$1 -> 020 | D260: 10.58.3.255 | F260: broadcast

Sheet 10.58.4.0 |24
A1: Summary | D1: ID: | E1: =Summary!D39 -> 021
B2: {=MID(CELL("nomefile",A1),FIND("]",CELL("nomefile",A1))+1,255)} -> #VALUE! | D2: Label: | E2: =Summary!E39 -> Gruppo AD - LDAP / GPO PDL e TABLET - DHCP PDL
B4: Label | C4: ID | D4: IP | E4: hostname | F4: Descrizione | G4: NOTE | H4: OLD hostname
B5: =$E$2 -> Gruppo AD - LDAP / GPO PDL e TABLET - DHCP PDL | C5: =$E$1 -> 021 | D5: 10.58.4.0 | F5: 10.58.4.0/24 - 255.255.255.0
B6: =$E$2 -> Gruppo AD - LDAP / GPO PDL e TABLET - DHCP PDL | C6: =$E$1 -> 021 | D6: 10.58.4.1
B7: =$E$2 -> Gruppo AD - LDAP / GPO PDL e TABLET - DHCP PDL | C7: =$E$1 -> 021 | D7: 10.58.4.2
B8: =$E$2 -> Gruppo AD - LDAP / GPO PDL e TABLET - DHCP PDL | C8: =$E$1 -> 021 | D8: 10.58.4.3
B9: =$E$2 -> Gruppo AD - LDAP / GPO PDL e TABLET - DHCP PDL | C9: =$E$1 -> 021 | D9: 10.58.4.4
B10: =$E$2 -> Gruppo AD - LDAP / GPO PDL e TABLET - DHCP PDL | C10: =$E$1 -> 021 | D10: 10.58.4.5
B11: =$E$2 -> Gruppo AD - LDAP / GPO PDL e TABLET - DHCP PDL | C11: =$E$1 -> 021 | D11: 10.58.4.6
B12: =$E$2 -> Gruppo AD - LDAP / GPO PDL e TABLET - DHCP PDL | C12: =$E$1 -> 021 | D12: 10.58.4.7
B13: =$E$2 -> Gruppo AD - LDAP / GPO PDL e TABLET - DHCP PDL | C13: =$E$1 -> 021 | D13: 10.58.4.8
B14: =$E$2 -> Gruppo AD - LDAP / GPO PDL e TABLET - DHCP PDL | C14: =$E$1 -> 021 | D14: 10.58.4.9
B15: =$E$2 -> Gruppo AD - LDAP / GPO PDL e TABLET - DHCP PDL | C15: =$E$1 -> 021 | D15: 10.58.4.10
B16: =$E$2 -> Gruppo AD - LDAP / GPO PDL e TABLET - DHCP PDL | C16: =$E$1 -> 021 | D16: 10.58.4.11 | E16: bc-p-app-ad1 | F16: Active Directory Applicazione - LDAP | G16: Windows server 2022 | H16: prod-urg-appad1 GIA' bc-prod-app-ad01
B17: =$E$2 -> Gruppo AD - LDAP / GPO PDL e TABLET - DHCP PDL | C17: =$E$1 -> 021 | D17: 10.58.4.12 | E17: bc-p-app-ad2 | F17: Active Directory Applicazione - LDAP | G17: Windows server 2022 | H17: prod-urg-appad2 GIA' bc-prod-app-ad02
B18: =$E$2 -> Gruppo AD - LDAP / GPO PDL e TABLET - DHCP PDL | C18: =$E$1 -> 021 | D18: 10.58.4.13
B19: =$E$2 -> Gruppo AD - LDAP / GPO PDL e TABLET - DHCP PDL | C19: =$E$1 -> 021 | D19: 10.58.4.14
B20: =$E$2 -> Gruppo AD - LDAP / GPO PDL e TABLET - DHCP PDL | C20: =$E$1 -> 021 | D20: 10.58.4.15
B21: =$E$2 -> Gruppo AD - LDAP / GPO PDL e TABLET - DHCP PDL | C21: =$E$1 -> 021 | D21: 10.58.4.16
B22: =$E$2 -> Gruppo AD - LDAP / GPO PDL e TABLET - DHCP PDL | C22: =$E$1 -> 021 | D22: 10.58.4.17
B23: =$E$2 -> Gruppo AD - LDAP / GPO PDL e TABLET - DHCP PDL | C23: =$E$1 -> 021 | D23: 10.58.4.18
B24: =$E$2 -> Gruppo AD - LDAP / GPO PDL e TABLET - DHCP PDL | C24: =$E$1 -> 021 | D24: 10.58.4.19
B25: =$E$2 -> Gruppo AD - LDAP / GPO PDL e TABLET - DHCP PDL | C25: =$E$1 -> 021 | D25: 10.58.4.20
B26: =$E$2 -> Gruppo AD - LDAP / GPO PDL e TABLET - DHCP PDL | C26: =$E$1 -> 021 | D26: 10.58.4.21 | E26: #bc-prod-dhcp01 | F26: #DHCP Client PDL
B27: =$E$2 -> Gruppo AD - LDAP / GPO PDL e TABLET - DHCP PDL | C27: =$E$1 -> 021 | D27: 10.58.4.22
B28: =$E$2 -> Gruppo AD - LDAP / GPO PDL e TABLET - DHCP PDL | C28: =$E$1 -> 021 | D28: 10.58.4.23
B29: =$E$2 -> Gruppo AD - LDAP / GPO PDL e TABLET - DHCP PDL | C29: =$E$1 -> 021 | D29: 10.58.4.24
B30: =$E$2 -> Gruppo AD - LDAP / GPO PDL e TABLET - DHCP PDL | C30: =$E$1 -> 021 | D30: 10.58.4.25
B31: =$E$2 -> Gruppo AD - LDAP / GPO PDL e TABLET - DHCP PDL | C31: =$E$1 -> 021 | D31: 10.58.4.26
B32: =$E$2 -> Gruppo AD - LDAP / GPO PDL e TABLET - DHCP PDL | C32: =$E$1 -> 021 | D32: 10.58.4.27
B33: =$E$2 -> Gruppo AD - LDAP / GPO PDL e TABLET - DHCP PDL | C33: =$E$1 -> 021 | D33: 10.58.4.28
B34: =$E$2 -> Gruppo AD - LDAP / GPO PDL e TABLET - DHCP PDL | C34: =$E$1 -> 021 | D34: 10.58.4.29
B35: =$E$2 -> Gruppo AD - LDAP / GPO PDL e TABLET - DHCP PDL | C35: =$E$1 -> 021 | D35: 10.58.4.30
B36: =$E$2 -> Gruppo AD - LDAP / GPO PDL e TABLET - DHCP PDL | C36: =$E$1 -> 021 | D36: 10.58.4.31 | E36: #bc-p-dcpdl1 | F36: #Dominio/GPO PDL + DNS | G36: Windows server 2022 | H36: bc-prod-dcpdl01
B37: =$E$2 -> Gruppo AD - LDAP / GPO PDL e TABLET - DHCP PDL | C37: =$E$1 -> 021 | D37: 10.58.4.32 | E37: #bc-p-dcpdl2 | F37: #Dominio/GPO PDL + DNS | G37: Windows server 2022 | H37: bc-prod-dcpdl02
B38: =$E$2 -> Gruppo AD - LDAP / GPO PDL e TABLET - DHCP PDL | C38: =$E$1 -> 021 | D38: 10.58.4.33
B39: =$E$2 -> Gruppo AD - LDAP / GPO PDL e TABLET - DHCP PDL | C39: =$E$1 -> 021 | D39: 10.58.4.34
B40: =$E$2 -> Gruppo AD - LDAP / GPO PDL e TABLET - DHCP PDL | C40: =$E$1 -> 021 | D40: 10.58.4.35
B41: =$E$2 -> Gruppo AD - LDAP / GPO PDL e TABLET - DHCP PDL | C41: =$E$1 -> 021 | D41: 10.58.4.36
B42: =$E$2 -> Gruppo AD - LDAP / GPO PDL e TABLET - DHCP PDL | C42: =$E$1 -> 021 | D42: 10.58.4.37
B43: =$E$2 -> Gruppo AD - LDAP / GPO PDL e TABLET - DHCP PDL | C43: =$E$1 -> 021 | D43: 10.58.4.38
B44: =$E$2 -> Gruppo AD - LDAP / GPO PDL e TABLET - DHCP PDL | C44: =$E$1 -> 021 | D44: 10.58.4.39
B45: =$E$2 -> Gruppo AD - LDAP / GPO PDL e TABLET - DHCP PDL | C45: =$E$1 -> 021 | D45: 10.58.4.40
B46: =$E$2 -> Gruppo AD - LDAP / GPO PDL e TABLET - DHCP PDL | C46: =$E$1 -> 021 | D46: 10.58.4.41
B47: =$E$2 -> Gruppo AD - LDAP / GPO PDL e TABLET - DHCP PDL | C47: =$E$1 -> 021 | D47: 10.58.4.42
B48: =$E$2 -> Gruppo AD - LDAP / GPO PDL e TABLET - DHCP PDL | C48: =$E$1 -> 021 | D48: 10.58.4.43
B49: =$E$2 -> Gruppo AD - LDAP / GPO PDL e TABLET - DHCP PDL | C49: =$E$1 -> 021 | D49: 10.58.4.44
... B259: =$E$2 -> Gruppo AD - LDAP / GPO PDL e TABLET - DHCP PDL | C259: =$E$1 -> 021 | D259: 10.58.4.254
B260: =$E$2 -> Gruppo AD - LDAP / GPO PDL e TABLET - DHCP PDL | C260: =$E$1 -> 021 | D260: 10.58.4.255 | F260: broadcast

Sheet 10.58.10.0 |24
A1: Summary | D1: ID: | E1: =Summary!D40 -> 022
B2: {=MID(CELL("nomefile",A1),FIND("]",CELL("nomefile",A1))+1,255)} -> #VALUE! | D2: Label: | E2: =Summary!E40 -> Monitoraggio, mail relay
B4: Label | C4: ID | D4: IP | E4: hostname | F4: Descrizione | G4: Note | H4: OLD_hostname
B5: =$E$2 -> Monitoraggio, mail relay | C5: =$E$1 -> 022 | D5: 10.58.10.0 | F5: 10.58.10.0/24 - 255.255.255.0
B6: =$E$2 -> Monitoraggio, mail relay | C6: =$E$1 -> 022 | D6: 10.58.10.1
B7: =$E$2 -> Monitoraggio, mail relay | C7: =$E$1 -> 022 | D7: 10.58.10.2
B8: =$E$2 -> Monitoraggio, mail relay | C8: =$E$1 -> 022 | D8: 10.58.10.3
B9: =$E$2 -> Monitoraggio, mail relay | C9: =$E$1 -> 022 | D9: 10.58.10.4 | E9: test-psn-ping | F9: Macchina di test in gestione PSN | G9: VM-PSN
B10: =$E$2 -> Monitoraggio, mail relay | C10: =$E$1 -> 022 | D10: 10.58.10.5 | E10: bc-prod-chk01 | F10: Sistema di monitoraggio | G10: Check MK | H10: urg-checkmk1
B11: =$E$2 -> Monitoraggio, mail relay | C11: =$E$1 -> 022 | D11: 10.58.10.6 | E11: bc-prod-kib01 | F11: Sistema di monitoraggio | G11: Kibana | H11: urg-kib1
B12: =$E$2 -> Monitoraggio, mail relay | C12: =$E$1 -> 022 | D12: 10.58.10.7
B13: =$E$2 -> Monitoraggio, mail relay | C13: =$E$1 -> 022 | D13: 10.58.10.8
B14: =$E$2 -> Monitoraggio, mail relay | C14: =$E$1 -> 022 | D14: 10.58.10.9
B15: =$E$2 -> Monitoraggio, mail relay | C15: =$E$1 -> 022 | D15: 10.58.10.10
B16: =$E$2 -> Monitoraggio, mail relay | C16: =$E$1 -> 022 | D16: 10.58.10.11
B17: =$E$2 -> Monitoraggio, mail relay | C17: =$E$1 -> 022 | D17: 10.58.10.12
B18: =$E$2 -> Monitoraggio, mail relay | C18: =$E$1 -> 022 | D18: 10.58.10.13
B19: =$E$2 -> Monitoraggio, mail relay | C19: =$E$1 -> 022 | D19: 10.58.10.14
B20: =$E$2 -> Monitoraggio, mail relay | C20: =$E$1 -> 022 | D20: 10.58.10.15
B21: =$E$2 -> Monitoraggio, mail relay | C21: =$E$1 -> 022 | D21: 10.58.10.16
B22: =$E$2 -> Monitoraggio, mail relay | C22: =$E$1 -> 022 | D22: 10.58.10.17
B23: =$E$2 -> Monitoraggio, mail relay | C23: =$E$1 -> 022 | D23: 10.58.10.18
... B25: =$E$2 -> Monitoraggio, mail relay | C25: =$E$1 -> 022 | D25: 10.58.10.20
B26: =$E$2 -> Monitoraggio, mail relay | C26: =$E$1 -> 022 | D26: 10.58.10.21 | E26: bc-prod-mail01 | F26: Mail Relay per consegna posta | G26: Mail Relay
B27: =$E$2 -> Monitoraggio, mail relay | C27: =$E$1 -> 022 | D27: 10.58.10.22
B28: =$E$2 -> Monitoraggio, mail relay | C28: =$E$1 -> 022 | D28: 10.58.10.23
B29: =$E$2 -> Monitoraggio, mail relay | C29: =$E$1 -> 022 | D29: 10.58.10.24
B30: =$E$2 -> Monitoraggio, mail relay | C30: =$E$1 -> 022 | D30: 10.58.10.25
B31: =$E$2 -> Monitoraggio, mail relay | C31: =$E$1 -> 022 | D31: 10.58.10.26
B32: =$E$2 -> Monitoraggio, mail relay | C32: =$E$1 -> 022 | D32: 10.58.10.27
B33: =$E$2 -> Monitoraggio, mail relay | C33: =$E$1 -> 022 | D33: 10.58.10.28
B34: =$E$2 -> Monitoraggio, mail relay | C34: =$E$1 -> 022 | D34: 10.58.10.29
B35: =$E$2 -> Monitoraggio, mail relay | C35: =$E$1 -> 022 | D35: 10.58.10.30
B36: =$E$2 -> Monitoraggio, mail relay | C36: =$E$1 -> 022 | D36: 10.58.10.31 | E36: #bc-prod-nagios01 | F36: #Sistema di monitoraggio | G36: Nagios
B37: =$E$2 -> Monitoraggio, mail relay | C37: =$E$1 -> 022 | D37: 10.58.10.32
B38: =$E$2 -> Monitoraggio, mail relay | C38: =$E$1 -> 022 | D38: 10.58.10.33
B39: =$E$2 -> Monitoraggio, mail relay | C39: =$E$1 -> 022 | D39: 10.58.10.34
B40: =$E$2 -> Monitoraggio, mail relay | C40: =$E$1 -> 022 | D40: 10.58.10.35
B41: =$E$2 -> Monitoraggio, mail relay | C41: =$E$1 -> 022 | D41: 10.58.10.36
B42: =$E$2 -> Monitoraggio, mail relay | C42: =$E$1 -> 022 | D42: 10.58.10.37
B43: =$E$2 -> Monitoraggio, mail relay | C43: =$E$1 -> 022 | D43: 10.58.10.38
B44: =$E$2 -> Monitoraggio, mail relay | C44: =$E$1 -> 022 | D44: 10.58.10.39
B45: =$E$2 -> Monitoraggio, mail relay | C45: =$E$1 -> 022 | D45: 10.58.10.40
B46: =$E$2 -> Monitoraggio, mail relay | C46: =$E$1 -> 022 | D46: 10.58.10.41
B47: =$E$2 -> Monitoraggio, mail relay | C47: =$E$1 -> 022 | D47: 10.58.10.42
B48: =$E$2 -> Monitoraggio, mail relay | C48: =$E$1 -> 022 | D48: 10.58.10.43
... B95: =$E$2 -> Monitoraggio, mail relay | C95: =$E$1 -> 022 | D95: 10.58.10.90
B96: =$E$2 -> Monitoraggio, mail relay | C96: =$E$1 -> 022 | D96: 10.58.10.91 | E96: bc-prod-elx01 | F96: Sistema di monitoraggio | G96: Elastik Search | H96: urg-elk1
B97: =$E$2 -> Monitoraggio, mail relay | C97: =$E$1 -> 022 | D97: 10.58.10.92 | E97: bc-prod-elx02 | F97: Sistema di monitoraggio | G97: Elastik Search | H97: urg-elk2
B98: =$E$2 -> Monitoraggio, mail relay | C98: =$E$1 -> 022 | D98: 10.58.10.93 | E98: bc-prod-elx03 | F98: Sistema di monitoraggio | G98: Elastik Search | H98: urg-elk3
B99: =$E$2 -> Monitoraggio, mail relay | C99: =$E$1 -> 022 | D99: 10.58.10.94
B100: =$E$2 -> Monitoraggio, mail relay | C100: =$E$1 -> 022 | D100: 10.58.10.95
B101: =$E$2 -> Monitoraggio, mail relay | C101: =$E$1 -> 022 | D101: 10.58.10.96
B102: =$E$2 -> Monitoraggio, mail relay | C102: =$E$1 -> 022 | D102: 10.58.10.97
B103: =$E$2 -> Monitoraggio, mail relay | C103: =$E$1 -> 022 | D103: 10.58.10.98
B104: =$E$2 -> Monitoraggio, mail relay | C104: =$E$1 -> 022 | D104: 10.58.10.99
B105: =$E$2 -> Monitoraggio, mail relay | C105: =$E$1 -> 022 | D105: 10.58.10.100
B106: =$E$2 -> Monitoraggio, mail relay | C106: =$E$1 -> 022 | D106: 10.58.10.101 | E106: bc-prod-htb01 | F106: Sonda - Docker | G106: Ubuntu 24.04
B107: =$E$2 -> Monitoraggio, mail relay | C107: =$E$1 -> 022 | D107: 10.58.10.102
B108: =$E$2 -> Monitoraggio, mail relay | C108: =$E$1 -> 022 | D108: 10.58.10.103
B109: =$E$2 -> Monitoraggio, mail relay | C109: =$E$1 -> 022 | D109: 10.58.10.104
B110: =$E$2 -> Monitoraggio, mail relay | C110: =$E$1 -> 022 | D110: 10.58.10.105
B111: =$E$2 -> Monitoraggio, mail relay | C111: =$E$1 -> 022 | D111: 10.58.10.106
B112: =$E$2 -> Monitoraggio, mail relay | C112: =$E$1 -> 022 | D112: 10.58.10.107
B113: =$E$2 -> Monitoraggio, mail relay | C113: =$E$1 -> 022 | D113: 10.58.10.108
B114: =$E$2 -> Monitoraggio, mail relay | C114: =$E$1 -> 022 | D114: 10.58.10.109
B115: =$E$2 -> Monitoraggio, mail relay | C115: =$E$1 -> 022 | D115: 10.58.10.110
B116: =$E$2 -> Monitoraggio, mail relay | C116: =$E$1 -> 022 | D116: 10.58.10.111
B117: =$E$2 -> Monitoraggio, mail relay | C117: =$E$1 -> 022 | D117: 10.58.10.112
B118: =$E$2 -> Monitoraggio, mail relay | C118: =$E$1 -> 022 | D118: 10.58.10.113
... B247: =$E$2 -> Monitoraggio, mail relay | C247: =$E$1 -> 022 | D247: 10.58.10.242
B248: =$E$2 -> Monitoraggio, mail relay | C248: =$E$1 -> 022 | D248: 10.58.10.243 | E248: LogWin01 | F248: Logging Applicativo dai Client di SO | G248: nome provvisorio
B249: =$E$2 -> Monitoraggio, mail relay | C249: =$E$1 -> 022 | D249: 10.58.10.244
B250: =$E$2 -> Monitoraggio, mail relay | C250: =$E$1 -> 022 | D250: 10.58.10.245
B251: =$E$2 -> Monitoraggio, mail relay | C251: =$E$1 -> 022 | D251: 10.58.10.246
B252: =$E$2 -> Monitoraggio, mail relay | C252: =$E$1 -> 022 | D252: 10.58.10.247
B253: =$E$2 -> Monitoraggio, mail relay | C253: =$E$1 -> 022 | D253: 10.58.10.248
B254: =$E$2 -> Monitoraggio, mail relay | C254: =$E$1 -> 022 | D254: 10.58.10.249
B255: =$E$2 -> Monitoraggio, mail relay | C255: =$E$1 -> 022 | D255: 10.58.10.250
B256: =$E$2 -> Monitoraggio, mail relay | C256: =$E$1 -> 022 | D256: 10.58.10.251
B257: =$E$2 -> Monitoraggio, mail relay | C257: =$E$1 -> 022 | D257: 10.58.10.252
B258: =$E$2 -> Monitoraggio, mail relay | C258: =$E$1 -> 022 | D258: 10.58.10.253
B259: =$E$2 -> Monitoraggio, mail relay | C259: =$E$1 -> 022 | D259: 10.58.10.254
B260: =$E$2 -> Monitoraggio, mail relay | C260: =$E$1 -> 022 | D260: 10.58.10.255 | F260: broadcast

Sheet 10.58.20.0 |24 
A1: Summary | D1: ID: | E1: =Summary!D41 -> 023
B2: {=MID(CELL("nomefile",A1),FIND("]",CELL("nomefile",A1))+1,255)} -> #VALUE! | D2: Label: | E2: =Summary!E41 -> Sist. Telefonico - EU
B4: Label | C4: ID | D4: IP | E4: hostname | F4: Descrizione | G4: Note | H4: OLD_hostname
B5: =$E$2 -> Sist. Telefonico - EU | C5: =$E$1 -> 023 | D5: 10.58.20.0 | F5: 10.58.20.0/24 - 255.255.255.0
B6: =$E$2 -> Sist. Telefonico - EU | C6: =$E$1 -> 023 | D6: 10.58.20.1
B7: =$E$2 -> Sist. Telefonico - EU | C7: =$E$1 -> 023 | D7: 10.58.20.2
B8: =$E$2 -> Sist. Telefonico - EU | C8: =$E$1 -> 023 | D8: 10.58.20.3
B9: =$E$2 -> Sist. Telefonico - EU | C9: =$E$1 -> 023 | D9: 10.58.20.4
B10: =$E$2 -> Sist. Telefonico - EU | C10: =$E$1 -> 023 | D10: 10.58.20.5
B11: =$E$2 -> Sist. Telefonico - EU | C11: =$E$1 -> 023 | D11: 10.58.20.6
B12: =$E$2 -> Sist. Telefonico - EU | C12: =$E$1 -> 023 | D12: 10.58.20.7
B13: =$E$2 -> Sist. Telefonico - EU | C13: =$E$1 -> 023 | D13: 10.58.20.8
B14: =$E$2 -> Sist. Telefonico - EU | C14: =$E$1 -> 023 | D14: 10.58.20.9
B15: =$E$2 -> Sist. Telefonico - EU | C15: =$E$1 -> 023 | D15: 10.58.20.10
B16: =$E$2 -> Sist. Telefonico - EU | C16: =$E$1 -> 023 | D16: 10.58.20.11
B17: =$E$2 -> Sist. Telefonico - EU | C17: =$E$1 -> 023 | D17: 10.58.20.12
... B24: =$E$2 -> Sist. Telefonico - EU | C24: =$E$1 -> 023 | D24: 10.58.20.19
B25: =$E$2 -> Sist. Telefonico - EU | C25: =$E$1 -> 023 | D25: 10.58.20.20 | E25: bc-peutel-mic1 | F25: Contact Center MiCC Mitel + SQL Server Std | G25: Mitel - Windows | H25: bc-prod-eu-tel-micc01
B26: =$E$2 -> Sist. Telefonico - EU | C26: =$E$1 -> 023 | D26: 10.58.20.21 | E26: bc-peutel-oas1 | F26: OAS MiCC | G26: Mitel - Windows | H26: bc-prod-eu-tel-oas01
B27: =$E$2 -> Sist. Telefonico - EU | C27: =$E$1 -> 023 | D27: 10.58.20.22 | E27: bc-peutel-pvs1 | F27: Provisioning fonia + DHCP | G27: Mitel | H27: bc-prod-eu-tel-ippsrv01 GIA' bc-peutel-ips1
B28: =$E$2 -> Sist. Telefonico - EU | C28: =$E$1 -> 023 | D28: 10.58.20.23 | E28: bc-peutel-pvs2 | F28: DHCP fonia | G28: Mitel
B29: =$E$2 -> Sist. Telefonico - EU | C29: =$E$1 -> 023 | D29: 10.58.20.24
B30: =$E$2 -> Sist. Telefonico - EU | C30: =$E$1 -> 023 | D30: 10.58.20.25
B31: =$E$2 -> Sist. Telefonico - EU | C31: =$E$1 -> 023 | D31: 10.58.20.26
B32: =$E$2 -> Sist. Telefonico - EU | C32: =$E$1 -> 023 | D32: 10.58.20.27
B33: =$E$2 -> Sist. Telefonico - EU | C33: =$E$1 -> 023 | D33: 10.58.20.28
B34: =$E$2 -> Sist. Telefonico - EU | C34: =$E$1 -> 023 | D34: 10.58.20.29
B35: =$E$2 -> Sist. Telefonico - EU | C35: =$E$1 -> 023 | D35: 10.58.20.30
B36: =$E$2 -> Sist. Telefonico - EU | C36: =$E$1 -> 023 | D36: 10.58.20.31
B37: =$E$2 -> Sist. Telefonico - EU | C37: =$E$1 -> 023 | D37: 10.58.20.32 | E37: bc-peurec-eip1 | F37: Evo IP Registratore 01 - (1°Int. Rete -> 10.8.25.32) | G37: ASC - Windows | H37: EvoIPneo01Rec01 GIA' bc-prod-eu-rec-evoip01
B38: =$E$2 -> Sist. Telefonico - EU | C38: =$E$1 -> 023 | D38: 10.58.20.33
B39: =$E$2 -> Sist. Telefonico - EU | C39: =$E$1 -> 023 | D39: 10.58.20.34
B40: =$E$2 -> Sist. Telefonico - EU | C40: =$E$1 -> 023 | D40: 10.58.20.35
B41: =$E$2 -> Sist. Telefonico - EU | C41: =$E$1 -> 023 | D41: 10.58.20.36
B42: =$E$2 -> Sist. Telefonico - EU | C42: =$E$1 -> 023 | D42: 10.58.20.37
B43: =$E$2 -> Sist. Telefonico - EU | C43: =$E$1 -> 023 | D43: 10.58.20.38
B44: =$E$2 -> Sist. Telefonico - EU | C44: =$E$1 -> 023 | D44: 10.58.20.39
B45: =$E$2 -> Sist. Telefonico - EU | C45: =$E$1 -> 023 | D45: 10.58.20.40 | E45: psn-prod-eu-tel-dbcll01 | F45: Call logging | G45: PostgreSQL
B46: =$E$2 -> Sist. Telefonico - EU | C46: =$E$1 -> 023 | D46: 10.58.20.41
B47: =$E$2 -> Sist. Telefonico - EU | C47: =$E$1 -> 023 | D47: 10.58.20.42
B48: =$E$2 -> Sist. Telefonico - EU | C48: =$E$1 -> 023 | D48: 10.58.20.43
B49: =$E$2 -> Sist. Telefonico - EU | C49: =$E$1 -> 023 | D49: 10.58.20.44
B50: =$E$2 -> Sist. Telefonico - EU | C50: =$E$1 -> 023 | D50: 10.58.20.45
B51: =$E$2 -> Sist. Telefonico - EU | C51: =$E$1 -> 023 | D51: 10.58.20.46
B52: =$E$2 -> Sist. Telefonico - EU | C52: =$E$1 -> 023 | D52: 10.58.20.47
B53: =$E$2 -> Sist. Telefonico - EU | C53: =$E$1 -> 023 | D53: 10.58.20.48
B54: =$E$2 -> Sist. Telefonico - EU | C54: =$E$1 -> 023 | D54: 10.58.20.49
B55: =$E$2 -> Sist. Telefonico - EU | C55: =$E$1 -> 023 | D55: 10.58.20.50
B56: =$E$2 -> Sist. Telefonico - EU | C56: =$E$1 -> 023 | D56: 10.58.20.51
B57: =$E$2 -> Sist. Telefonico - EU | C57: =$E$1 -> 023 | D57: 10.58.20.52
... B84: =$E$2 -> Sist. Telefonico - EU | C84: =$E$1 -> 023 | D84: 10.58.20.79
B85: =$E$2 -> Sist. Telefonico - EU | C85: =$E$1 -> 023 | D85: 10.58.20.80 | E85: bc-peutel-ast02 | F85: CentraleTel di dissuasione - Debian12+FreePBX17
B86: =$E$2 -> Sist. Telefonico - EU | C86: =$E$1 -> 023 | D86: 10.58.20.81
B87: =$E$2 -> Sist. Telefonico - EU | C87: =$E$1 -> 023 | D87: 10.58.20.82
B88: =$E$2 -> Sist. Telefonico - EU | C88: =$E$1 -> 023 | D88: 10.58.20.83
B89: =$E$2 -> Sist. Telefonico - EU | C89: =$E$1 -> 023 | D89: 10.58.20.84
B90: =$E$2 -> Sist. Telefonico - EU | C90: =$E$1 -> 023 | D90: 10.58.20.85
B91: =$E$2 -> Sist. Telefonico - EU | C91: =$E$1 -> 023 | D91: 10.58.20.86
B92: =$E$2 -> Sist. Telefonico - EU | C92: =$E$1 -> 023 | D92: 10.58.20.87
B93: =$E$2 -> Sist. Telefonico - EU | C93: =$E$1 -> 023 | D93: 10.58.20.88
B94: =$E$2 -> Sist. Telefonico - EU | C94: =$E$1 -> 023 | D94: 10.58.20.89
B95: =$E$2 -> Sist. Telefonico - EU | C95: =$E$1 -> 023 | D95: 10.58.20.90 | E95: bc-peutel-ast01 | F95: CentraleTel di dissuasione - CentOs5 | G95: Asterisk | H95: bc-prod-eu-tel-ast01
B96: =$E$2 -> Sist. Telefonico - EU | C96: =$E$1 -> 023 | D96: 10.58.20.91
B97: =$E$2 -> Sist. Telefonico - EU | C97: =$E$1 -> 023 | D97: 10.58.20.92
B98: =$E$2 -> Sist. Telefonico - EU | C98: =$E$1 -> 023 | D98: 10.58.20.93
B99: =$E$2 -> Sist. Telefonico - EU | C99: =$E$1 -> 023 | D99: 10.58.20.94
B100: =$E$2 -> Sist. Telefonico - EU | C100: =$E$1 -> 023 | D100: 10.58.20.95
B101: =$E$2 -> Sist. Telefonico - EU | C101: =$E$1 -> 023 | D101: 10.58.20.96
B102: =$E$2 -> Sist. Telefonico - EU | C102: =$E$1 -> 023 | D102: 10.58.20.97
B103: =$E$2 -> Sist. Telefonico - EU | C103: =$E$1 -> 023 | D103: 10.58.20.98
B104: =$E$2 -> Sist. Telefonico - EU | C104: =$E$1 -> 023 | D104: 10.58.20.99
B105: =$E$2 -> Sist. Telefonico - EU | C105: =$E$1 -> 023 | D105: 10.58.20.100
B106: =$E$2 -> Sist. Telefonico - EU | C106: =$E$1 -> 023 | D106: 10.58.20.101
B107: =$E$2 -> Sist. Telefonico - EU | C107: =$E$1 -> 023 | D107: 10.58.20.102
... B136: =$E$2 -> Sist. Telefonico - EU | C136: =$E$1 -> 023 | D136: 10.58.20.131
B137: =$E$2 -> Sist. Telefonico - EU | C137: =$E$1 -> 023 | D137: 10.58.20.132 | E137: bc-peurec-eip2 | F137: Evo IP Registratore 02 - (1°Int. Rete 10.8.25.132) | G137: ASC - Windows | H137: EvoIPneo03Rec01
B138: =$E$2 -> Sist. Telefonico - EU | C138: =$E$1 -> 023 | D138: 10.58.20.133
B139: =$E$2 -> Sist. Telefonico - EU | C139: =$E$1 -> 023 | D139: 10.58.20.134
B140: =$E$2 -> Sist. Telefonico - EU | C140: =$E$1 -> 023 | D140: 10.58.20.135
B141: =$E$2 -> Sist. Telefonico - EU | C141: =$E$1 -> 023 | D141: 10.58.20.136
B142: =$E$2 -> Sist. Telefonico - EU | C142: =$E$1 -> 023 | D142: 10.58.20.137
B143: =$E$2 -> Sist. Telefonico - EU | C143: =$E$1 -> 023 | D143: 10.58.20.138
B144: =$E$2 -> Sist. Telefonico - EU | C144: =$E$1 -> 023 | D144: 10.58.20.139
B145: =$E$2 -> Sist. Telefonico - EU | C145: =$E$1 -> 023 | D145: 10.58.20.140
B146: =$E$2 -> Sist. Telefonico - EU | C146: =$E$1 -> 023 | D146: 10.58.20.141
B147: =$E$2 -> Sist. Telefonico - EU | C147: =$E$1 -> 023 | D147: 10.58.20.142
B148: =$E$2 -> Sist. Telefonico - EU | C148: =$E$1 -> 023 | D148: 10.58.20.143
B149: =$E$2 -> Sist. Telefonico - EU | C149: =$E$1 -> 023 | D149: 10.58.20.144
... B259: =$E$2 -> Sist. Telefonico - EU | C259: =$E$1 -> 023 | D259: 10.58.20.254
B260: =$E$2 -> Sist. Telefonico - EU | C260: =$E$1 -> 023 | D260: 10.58.20.255 | F260: broadcast

Sheet 10.58.25.0 |24
A1: Summary | D1: ID: | E1: =Summary!D42 -> 024
B2: {=MID(CELL("nomefile",A1),FIND("]",CELL("nomefile",A1))+1,255)} -> #VALUE! | D2: Label: | E2: =Summary!E42 -> Sist. Registrazione - EU
B4: Label | C4: ID | D4: IP | E4: hostname | F4: Descrizione | G4: Note | H4: OLD_hostname
B5: =$E$2 -> Sist. Registrazione - EU | C5: =$E$1 -> 024 | D5: 10.58.25.0 | F5: 10.58.25.0/24 - 255.255.255.0
B6: =$E$2 -> Sist. Registrazione - EU | C6: =$E$1 -> 024 | D6: 10.58.25.1
B7: =$E$2 -> Sist. Registrazione - EU | C7: =$E$1 -> 024 | D7: 10.58.25.2
B8: =$E$2 -> Sist. Registrazione - EU | C8: =$E$1 -> 024 | D8: 10.58.25.3
B9: =$E$2 -> Sist. Registrazione - EU | C9: =$E$1 -> 024 | D9: 10.58.25.4
B10: =$E$2 -> Sist. Registrazione - EU | C10: =$E$1 -> 024 | D10: 10.58.25.5
B11: =$E$2 -> Sist. Registrazione - EU | C11: =$E$1 -> 024 | D11: 10.58.25.6
B12: =$E$2 -> Sist. Registrazione - EU | C12: =$E$1 -> 024 | D12: 10.58.25.7
B13: =$E$2 -> Sist. Registrazione - EU | C13: =$E$1 -> 024 | D13: 10.58.25.8
B14: =$E$2 -> Sist. Registrazione - EU | C14: =$E$1 -> 024 | D14: 10.58.25.9
B15: =$E$2 -> Sist. Registrazione - EU | C15: =$E$1 -> 024 | D15: 10.58.25.10
B16: =$E$2 -> Sist. Registrazione - EU | C16: =$E$1 -> 024 | D16: 10.58.25.11
B17: =$E$2 -> Sist. Registrazione - EU | C17: =$E$1 -> 024 | D17: 10.58.25.12
... B35: =$E$2 -> Sist. Registrazione - EU | C35: =$E$1 -> 024 | D35: 10.58.25.30
B36: =$E$2 -> Sist. Registrazione - EU | C36: =$E$1 -> 024 | D36: 10.58.25.31 | E36: bc-peurec-db1 | F36: Evo IP Database 01 | G36: ASC - Windows | H36: EvoIPneo02DB01 GIA' bc-prod-eu-rec-db01
B37: =$E$2 -> Sist. Registrazione - EU | C37: =$E$1 -> 024 | D37: 10.58.25.32 | E37: bc-peurec-eip1 | F37: Evo IP Registratore 01 - 2°Int. Rete -> (10.8.20.32) | G37: ASC - Windows | H37: EvoIPneo01Rec01 GIA' bc-prod-eu-rec-evoip01
B38: =$E$2 -> Sist. Registrazione - EU | C38: =$E$1 -> 024 | D38: 10.58.25.33
B39: =$E$2 -> Sist. Registrazione - EU | C39: =$E$1 -> 024 | D39: 10.58.25.34
B40: =$E$2 -> Sist. Registrazione - EU | C40: =$E$1 -> 024 | D40: 10.58.25.35 | E40: bc-prod-eu-rec-nas01 | F40: NAS - Registrazioni
B41: =$E$2 -> Sist. Registrazione - EU | C41: =$E$1 -> 024 | D41: 10.58.25.36 | E41: bc-prod-eu-rec-nas02 | F41: NAS - Registrazioni Storico
B42: =$E$2 -> Sist. Registrazione - EU | C42: =$E$1 -> 024 | D42: 10.58.25.37
B43: =$E$2 -> Sist. Registrazione - EU | C43: =$E$1 -> 024 | D43: 10.58.25.38
B44: =$E$2 -> Sist. Registrazione - EU | C44: =$E$1 -> 024 | D44: 10.58.25.39
B45: =$E$2 -> Sist. Registrazione - EU | C45: =$E$1 -> 024 | D45: 10.58.25.40
B46: =$E$2 -> Sist. Registrazione - EU | C46: =$E$1 -> 024 | D46: 10.58.25.41
B47: =$E$2 -> Sist. Registrazione - EU | C47: =$E$1 -> 024 | D47: 10.58.25.42
B48: =$E$2 -> Sist. Registrazione - EU | C48: =$E$1 -> 024 | D48: 10.58.25.43
B49: =$E$2 -> Sist. Registrazione - EU | C49: =$E$1 -> 024 | D49: 10.58.25.44
B50: =$E$2 -> Sist. Registrazione - EU | C50: =$E$1 -> 024 | D50: 10.58.25.45
B51: =$E$2 -> Sist. Registrazione - EU | C51: =$E$1 -> 024 | D51: 10.58.25.46
B52: =$E$2 -> Sist. Registrazione - EU | C52: =$E$1 -> 024 | D52: 10.58.25.47
B53: =$E$2 -> Sist. Registrazione - EU | C53: =$E$1 -> 024 | D53: 10.58.25.48
... B64: =$E$2 -> Sist. Registrazione - EU | C64: =$E$1 -> 024 | D64: 10.58.25.59
B65: =$E$2 -> Sist. Registrazione - EU | C65: =$E$1 -> 024 | D65: 10.58.25.60 | E65: bc-peurec-core | F65: Trasferimento registrazioni da AS-IS a PSN | G65: ASC - Windows
B66: =$E$2 -> Sist. Registrazione - EU | C66: =$E$1 -> 024 | D66: 10.58.25.61
B67: =$E$2 -> Sist. Registrazione - EU | C67: =$E$1 -> 024 | D67: 10.58.25.62
B68: =$E$2 -> Sist. Registrazione - EU | C68: =$E$1 -> 024 | D68: 10.58.25.63
B69: =$E$2 -> Sist. Registrazione - EU | C69: =$E$1 -> 024 | D69: 10.58.25.64
B70: =$E$2 -> Sist. Registrazione - EU | C70: =$E$1 -> 024 | D70: 10.58.25.65
B71: =$E$2 -> Sist. Registrazione - EU | C71: =$E$1 -> 024 | D71: 10.58.25.66
B72: =$E$2 -> Sist. Registrazione - EU | C72: =$E$1 -> 024 | D72: 10.58.25.67
B73: =$E$2 -> Sist. Registrazione - EU | C73: =$E$1 -> 024 | D73: 10.58.25.68
B74: =$E$2 -> Sist. Registrazione - EU | C74: =$E$1 -> 024 | D74: 10.58.25.69
B75: =$E$2 -> Sist. Registrazione - EU | C75: =$E$1 -> 024 | D75: 10.58.25.70
B76: =$E$2 -> Sist. Registrazione - EU | C76: =$E$1 -> 024 | D76: 10.58.25.71
B77: =$E$2 -> Sist. Registrazione - EU | C77: =$E$1 -> 024 | D77: 10.58.25.72
... B135: =$E$2 -> Sist. Registrazione - EU | C135: =$E$1 -> 024 | D135: 10.58.25.130
B136: =$E$2 -> Sist. Registrazione - EU | C136: =$E$1 -> 024 | D136: 10.58.25.131 | E136: bc-peurec-db2 | F136: Evo IP Database 02 | G136: ASC | H136: EvoIPneo04DB01 GIA' bc-prod-eu-rec-db02
B137: =$E$2 -> Sist. Registrazione - EU | C137: =$E$1 -> 024 | D137: 10.58.25.132 | E137: bc-peurec-eip2 | F137: Evo IP Registratore 02 - 2°Int. Rete -> (10.8.20.132) | G137: ASC | H137: EvoIPneo03Rec01 GIA' bc-prod-eu-rec-evoip02
B138: =$E$2 -> Sist. Registrazione - EU | C138: =$E$1 -> 024 | D138: 10.58.25.133
B139: =$E$2 -> Sist. Registrazione - EU | C139: =$E$1 -> 024 | D139: 10.58.25.134
B140: =$E$2 -> Sist. Registrazione - EU | C140: =$E$1 -> 024 | D140: 10.58.25.135
B141: =$E$2 -> Sist. Registrazione - EU | C141: =$E$1 -> 024 | D141: 10.58.25.136
B142: =$E$2 -> Sist. Registrazione - EU | C142: =$E$1 -> 024 | D142: 10.58.25.137
B143: =$E$2 -> Sist. Registrazione - EU | C143: =$E$1 -> 024 | D143: 10.58.25.138
B144: =$E$2 -> Sist. Registrazione - EU | C144: =$E$1 -> 024 | D144: 10.58.25.139
B145: =$E$2 -> Sist. Registrazione - EU | C145: =$E$1 -> 024 | D145: 10.58.25.140
B146: =$E$2 -> Sist. Registrazione - EU | C146: =$E$1 -> 024 | D146: 10.58.25.141
B147: =$E$2 -> Sist. Registrazione - EU | C147: =$E$1 -> 024 | D147: 10.58.25.142
B148: =$E$2 -> Sist. Registrazione - EU | C148: =$E$1 -> 024 | D148: 10.58.25.143
B149: =$E$2 -> Sist. Registrazione - EU | C149: =$E$1 -> 024 | D149: 10.58.25.144
... B259: =$E$2 -> Sist. Registrazione - EU | C259: =$E$1 -> 024 | D259: 10.58.25.254
B260: =$E$2 -> Sist. Registrazione - EU | C260: =$E$1 -> 024 | D260: 10.58.25.255 | F260: broadcast

Sheet 10.58.30.0 |24
A1: Summary | D1: ID: | E1: =Summary!D43 -> 025
B2: {=MID(CELL("nomefile",A1),FIND("]",CELL("nomefile",A1))+1,255)} -> #VALUE! | D2: Label: | E2: =Summary!E43 -> Gruppo Proxy EU
B4: Label | C4: ID | D4: IP | E4: hostname | F4: Descrizione | G4: Note | H4: OLD_hostname
B5: =$E$2 -> Gruppo Proxy EU | C5: =$E$1 -> 025 | D5: 10.58.30.0 | F5: 10.58.30.0/24 - 255.255.255.0
B6: =$E$2 -> Gruppo Proxy EU | C6: =$E$1 -> 025 | D6: 10.58.30.1 | H6: urg-app-proxy1
B7: =$E$2 -> Gruppo Proxy EU | C7: =$E$1 -> 025 | D7: 10.58.30.2 | H7: urg-app-proxy2
B8: =$E$2 -> Gruppo Proxy EU | C8: =$E$1 -> 025 | D8: 10.58.30.3
B9: =$E$2 -> Gruppo Proxy EU | C9: =$E$1 -> 025 | D9: 10.58.30.4
B10: =$E$2 -> Gruppo Proxy EU | C10: =$E$1 -> 025 | D10: 10.58.30.5
B11: =$E$2 -> Gruppo Proxy EU | C11: =$E$1 -> 025 | D11: 10.58.30.6
B12: =$E$2 -> Gruppo Proxy EU | C12: =$E$1 -> 025 | D12: 10.58.30.7
B13: =$E$2 -> Gruppo Proxy EU | C13: =$E$1 -> 025 | D13: 10.58.30.8
B14: =$E$2 -> Gruppo Proxy EU | C14: =$E$1 -> 025 | D14: 10.58.30.9
B15: =$E$2 -> Gruppo Proxy EU | C15: =$E$1 -> 025 | D15: 10.58.30.10
B16: =$E$2 -> Gruppo Proxy EU | C16: =$E$1 -> 025 | D16: 10.58.30.11 | E16: bc-prod-eu-proxy01 | F16: Reverse Proxy | G16: Apache 2.4 + Wildfly 30
B17: =$E$2 -> Gruppo Proxy EU | C17: =$E$1 -> 025 | D17: 10.58.30.12 | E17: bc-prod-eu-proxy02 | F17: Reverse Proxy | G17: Apache 2.4 + Wildfly 30
B18: =$E$2 -> Gruppo Proxy EU | C18: =$E$1 -> 025 | D18: 10.58.30.13 | E18: bc-prod-eu-proxy03 | F18: Reverse Proxy | G18: Apache 2.4 + Wildfly 30
B19: =$E$2 -> Gruppo Proxy EU | C19: =$E$1 -> 025 | D19: 10.58.30.14 | E19: bc-prod-eu-proxy04 | F19: Reverse Proxy | G19: Apache 2.4 + Wildfly 30
B20: =$E$2 -> Gruppo Proxy EU | C20: =$E$1 -> 025 | D20: 10.58.30.15 | F20: Reverse Proxy | G20: Apache 2.4 + Wildfly 30
B21: =$E$2 -> Gruppo Proxy EU | C21: =$E$1 -> 025 | D21: 10.58.30.16 | F21: Reverse Proxy | G21: Apache 2.4 + Wildfly 30
B22: =$E$2 -> Gruppo Proxy EU | C22: =$E$1 -> 025 | D22: 10.58.30.17 | F22: Reverse Proxy | G22: Apache 2.4 + Wildfly 30
B23: =$E$2 -> Gruppo Proxy EU | C23: =$E$1 -> 025 | D23: 10.58.30.18 | F23: Reverse Proxy | G23: Apache 2.4 + Wildfly 30
B24: =$E$2 -> Gruppo Proxy EU | C24: =$E$1 -> 025 | D24: 10.58.30.19
B25: =$E$2 -> Gruppo Proxy EU | C25: =$E$1 -> 025 | D25: 10.58.30.20
B26: =$E$2 -> Gruppo Proxy EU | C26: =$E$1 -> 025 | D26: 10.58.30.21
B27: =$E$2 -> Gruppo Proxy EU | C27: =$E$1 -> 025 | D27: 10.58.30.22
B28: =$E$2 -> Gruppo Proxy EU | C28: =$E$1 -> 025 | D28: 10.58.30.23
B29: =$E$2 -> Gruppo Proxy EU | C29: =$E$1 -> 025 | D29: 10.58.30.24
B30: =$E$2 -> Gruppo Proxy EU | C30: =$E$1 -> 025 | D30: 10.58.30.25
B31: =$E$2 -> Gruppo Proxy EU | C31: =$E$1 -> 025 | D31: 10.58.30.26
B32: =$E$2 -> Gruppo Proxy EU | C32: =$E$1 -> 025 | D32: 10.58.30.27
B33: =$E$2 -> Gruppo Proxy EU | C33: =$E$1 -> 025 | D33: 10.58.30.28
B34: =$E$2 -> Gruppo Proxy EU | C34: =$E$1 -> 025 | D34: 10.58.30.29
B35: =$E$2 -> Gruppo Proxy EU | C35: =$E$1 -> 025 | D35: 10.58.30.30
... B259: =$E$2 -> Gruppo Proxy EU | C259: =$E$1 -> 025 | D259: 10.58.30.254
B260: =$E$2 -> Gruppo Proxy EU | C260: =$E$1 -> 025 | D260: 10.58.30.255 | F260: broadcast

Sheet 10.58.31.0 |24
A1: Summary | D1: ID: | E1: =Summary!D44 -> 026
B2: {=MID(CELL("nomefile",A1),FIND("]",CELL("nomefile",A1))+1,255)} -> #VALUE! | D2: Label: | E2: =Summary!E44 -> Gruppo Backend - EU
B4: Label | C4: ID | D4: IP | E4: hostname | F4: Descrizione | G4: Note | H4: OLD_hostname
B5: =$E$2 -> Gruppo Backend - EU | C5: =$E$1 -> 026 | D5: 10.58.31.0 | F5: 10.58.31.0/24 - 255.255.255.0
B6: =$E$2 -> Gruppo Backend - EU | C6: =$E$1 -> 026 | D6: 10.58.31.1
B7: =$E$2 -> Gruppo Backend - EU | C7: =$E$1 -> 026 | D7: 10.58.31.2
B8: =$E$2 -> Gruppo Backend - EU | C8: =$E$1 -> 026 | D8: 10.58.31.3
B9: =$E$2 -> Gruppo Backend - EU | C9: =$E$1 -> 026 | D9: 10.58.31.4 | E9: bc-prod-soeu-ctrl01 | F9: Domain Controller | G9: WildFly 23 | H9: urg-app-ctrl1
B10: =$E$2 -> Gruppo Backend - EU | C10: =$E$1 -> 026 | D10: 10.58.31.5 | E10: bc-prod-soeu-ctrl02 | F10: Domain Controller | G10: WildFly 23
B11: =$E$2 -> Gruppo Backend - EU | C11: =$E$1 -> 026 | D11: 10.58.31.6
B12: =$E$2 -> Gruppo Backend - EU | C12: =$E$1 -> 026 | D12: 10.58.31.7
B13: =$E$2 -> Gruppo Backend - EU | C13: =$E$1 -> 026 | D13: 10.58.31.8
B14: =$E$2 -> Gruppo Backend - EU | C14: =$E$1 -> 026 | D14: 10.58.31.9
B15: =$E$2 -> Gruppo Backend - EU | C15: =$E$1 -> 026 | D15: 10.58.31.10
B16: =$E$2 -> Gruppo Backend - EU | C16: =$E$1 -> 026 | D16: 10.58.31.11 | E16: bc-prod-soeu-wrk11 | F16: Worker soeu | G16: WildFly 23 | H16: urg-app-wrk1
B17: =$E$2 -> Gruppo Backend - EU | C17: =$E$1 -> 026 | D17: 10.58.31.12 | E17: bc-prod-soeu-wrk12 | F17: Worker soeu | G17: WildFly 23 | H17: urg-app-wrk2
B18: =$E$2 -> Gruppo Backend - EU | C18: =$E$1 -> 026 | D18: 10.58.31.13 | E18: bc-prod-soeu-wrk13 | F18: Worker soeu | G18: WildFly 23 | H18: urg-app-wrk3
B19: =$E$2 -> Gruppo Backend - EU | C19: =$E$1 -> 026 | D19: 10.58.31.14 | E19: bc-prod-soeu-wrk14 | F19: Worker soeu | G19: WildFly 23
B20: =$E$2 -> Gruppo Backend - EU | C20: =$E$1 -> 026 | D20: 10.58.31.15 | E20: bc-prod-soeu-wrk15 | F20: Worker soeu | G20: WildFly 23
B21: =$E$2 -> Gruppo Backend - EU | C21: =$E$1 -> 026 | D21: 10.58.31.16 | E21: bc-prod-soeu-wrk16 | F21: Worker soeu | G21: WildFly 23
B22: =$E$2 -> Gruppo Backend - EU | C22: =$E$1 -> 026 | D22: 10.58.31.17 | E22: bc-prod-soeu-wrk17 | F22: Worker soeu | G22: WildFly 23
B23: =$E$2 -> Gruppo Backend - EU | C23: =$E$1 -> 026 | D23: 10.58.31.18 | E23: bc-prod-soeu-wrk18 | F23: Worker soeu | G23: WildFly 23
B24: =$E$2 -> Gruppo Backend - EU | C24: =$E$1 -> 026 | D24: 10.58.31.19 | F24: Worker soeu | G24: WildFly 23
B25: =$E$2 -> Gruppo Backend - EU | C25: =$E$1 -> 026 | D25: 10.58.31.20 | F25: Worker soeu | G25: WildFly 23
B26: =$E$2 -> Gruppo Backend - EU | C26: =$E$1 -> 026 | D26: 10.58.31.21 | F26: Worker soeu | G26: WildFly 23
B27: =$E$2 -> Gruppo Backend - EU | C27: =$E$1 -> 026 | D27: 10.58.31.22 | F27: Worker soeu | G27: WildFly 23
B28: =$E$2 -> Gruppo Backend - EU | C28: =$E$1 -> 026 | D28: 10.58.31.23 | F28: Worker soeu | G28: WildFly 23
B29: =$E$2 -> Gruppo Backend - EU | C29: =$E$1 -> 026 | D29: 10.58.31.24 | F29: Worker soeu | G29: WildFly 23
B30: =$E$2 -> Gruppo Backend - EU | C30: =$E$1 -> 026 | D30: 10.58.31.25 | F30: Worker soeu | G30: WildFly 23
B31: =$E$2 -> Gruppo Backend - EU | C31: =$E$1 -> 026 | D31: 10.58.31.26 | F31: Worker soeu | G31: WildFly 23
B32: =$E$2 -> Gruppo Backend - EU | C32: =$E$1 -> 026 | D32: 10.58.31.27
B33: =$E$2 -> Gruppo Backend - EU | C33: =$E$1 -> 026 | D33: 10.58.31.28
B34: =$E$2 -> Gruppo Backend - EU | C34: =$E$1 -> 026 | D34: 10.58.31.29
B35: =$E$2 -> Gruppo Backend - EU | C35: =$E$1 -> 026 | D35: 10.58.31.30
B36: =$E$2 -> Gruppo Backend - EU | C36: =$E$1 -> 026 | D36: 10.58.31.31 | H36: urg-cas1
B37: =$E$2 -> Gruppo Backend - EU | C37: =$E$1 -> 026 | D37: 10.58.31.32 | H37: urg-cas2
B38: =$E$2 -> Gruppo Backend - EU | C38: =$E$1 -> 026 | D38: 10.58.31.33
B39: =$E$2 -> Gruppo Backend - EU | C39: =$E$1 -> 026 | D39: 10.58.31.34
B40: =$E$2 -> Gruppo Backend - EU | C40: =$E$1 -> 026 | D40: 10.58.31.35
B41: =$E$2 -> Gruppo Backend - EU | C41: =$E$1 -> 026 | D41: 10.58.31.36
B42: =$E$2 -> Gruppo Backend - EU | C42: =$E$1 -> 026 | D42: 10.58.31.37
B43: =$E$2 -> Gruppo Backend - EU | C43: =$E$1 -> 026 | D43: 10.58.31.38
B44: =$E$2 -> Gruppo Backend - EU | C44: =$E$1 -> 026 | D44: 10.58.31.39
B45: =$E$2 -> Gruppo Backend - EU | C45: =$E$1 -> 026 | D45: 10.58.31.40 | E45: bc-prod-eu-nfs | F45: Ortofoto
B46: =$E$2 -> Gruppo Backend - EU | C46: =$E$1 -> 026 | D46: 10.58.31.41
B47: =$E$2 -> Gruppo Backend - EU | C47: =$E$1 -> 026 | D47: 10.58.31.42
B48: =$E$2 -> Gruppo Backend - EU | C48: =$E$1 -> 026 | D48: 10.58.31.43
B49: =$E$2 -> Gruppo Backend - EU | C49: =$E$1 -> 026 | D49: 10.58.31.44
B50: =$E$2 -> Gruppo Backend - EU | C50: =$E$1 -> 026 | D50: 10.58.31.45
B51: =$E$2 -> Gruppo Backend - EU | C51: =$E$1 -> 026 | D51: 10.58.31.46
B52: =$E$2 -> Gruppo Backend - EU | C52: =$E$1 -> 026 | D52: 10.58.31.47
B53: =$E$2 -> Gruppo Backend - EU | C53: =$E$1 -> 026 | D53: 10.58.31.48
B54: =$E$2 -> Gruppo Backend - EU | C54: =$E$1 -> 026 | D54: 10.58.31.49
B55: =$E$2 -> Gruppo Backend - EU | C55: =$E$1 -> 026 | D55: 10.58.31.50
B56: =$E$2 -> Gruppo Backend - EU | C56: =$E$1 -> 026 | D56: 10.58.31.51
B57: =$E$2 -> Gruppo Backend - EU | C57: =$E$1 -> 026 | D57: 10.58.31.52
... B67: =$E$2 -> Gruppo Backend - EU | C67: =$E$1 -> 026 | D67: 10.58.31.62
B68: =$E$2 -> Gruppo Backend - EU | C68: =$E$1 -> 026 | D68: 10.58.31.63 | E68: bc-eu-prod-cache-wrk63 | F68: Cluster di sincronizzazione | G68: Infinispan Server 15
B69: =$E$2 -> Gruppo Backend - EU | C69: =$E$1 -> 026 | D69: 10.58.31.64 | E69: bc-eu-prod-cache-wrk64 | F69: Cluster di sincronizzazione | G69: Infinispan Server 15
B70: =$E$2 -> Gruppo Backend - EU | C70: =$E$1 -> 026 | D70: 10.58.31.65 | E70: bc-eu-prod-cache-wrk65 | F70: Cluster di sincronizzazione | G70: Infinispan Server 15
B71: =$E$2 -> Gruppo Backend - EU | C71: =$E$1 -> 026 | D71: 10.58.31.66
B72: =$E$2 -> Gruppo Backend - EU | C72: =$E$1 -> 026 | D72: 10.58.31.67
B73: =$E$2 -> Gruppo Backend - EU | C73: =$E$1 -> 026 | D73: 10.58.31.68
B74: =$E$2 -> Gruppo Backend - EU | C74: =$E$1 -> 026 | D74: 10.58.31.69
B75: =$E$2 -> Gruppo Backend - EU | C75: =$E$1 -> 026 | D75: 10.58.31.70
B76: =$E$2 -> Gruppo Backend - EU | C76: =$E$1 -> 026 | D76: 10.58.31.71
B77: =$E$2 -> Gruppo Backend - EU | C77: =$E$1 -> 026 | D77: 10.58.31.72
B78: =$E$2 -> Gruppo Backend - EU | C78: =$E$1 -> 026 | D78: 10.58.31.73
B79: =$E$2 -> Gruppo Backend - EU | C79: =$E$1 -> 026 | D79: 10.58.31.74
B80: =$E$2 -> Gruppo Backend - EU | C80: =$E$1 -> 026 | D80: 10.58.31.75
B81: =$E$2 -> Gruppo Backend - EU | C81: =$E$1 -> 026 | D81: 10.58.31.76
B82: =$E$2 -> Gruppo Backend - EU | C82: =$E$1 -> 026 | D82: 10.58.31.77
... B95: =$E$2 -> Gruppo Backend - EU | C95: =$E$1 -> 026 | D95: 10.58.31.90
B96: =$E$2 -> Gruppo Backend - EU | C96: =$E$1 -> 026 | D96: 10.58.31.91 | H96: urg-ispn1
B97: =$E$2 -> Gruppo Backend - EU | C97: =$E$1 -> 026 | D97: 10.58.31.92 | H97: urg-ispn2
B98: =$E$2 -> Gruppo Backend - EU | C98: =$E$1 -> 026 | D98: 10.58.31.93 | H98: urg-ispn3
B99: =$E$2 -> Gruppo Backend - EU | C99: =$E$1 -> 026 | D99: 10.58.31.94
B100: =$E$2 -> Gruppo Backend - EU | C100: =$E$1 -> 026 | D100: 10.58.31.95
B101: =$E$2 -> Gruppo Backend - EU | C101: =$E$1 -> 026 | D101: 10.58.31.96
B102: =$E$2 -> Gruppo Backend - EU | C102: =$E$1 -> 026 | D102: 10.58.31.97
B103: =$E$2 -> Gruppo Backend - EU | C103: =$E$1 -> 026 | D103: 10.58.31.98
B104: =$E$2 -> Gruppo Backend - EU | C104: =$E$1 -> 026 | D104: 10.58.31.99
B105: =$E$2 -> Gruppo Backend - EU | C105: =$E$1 -> 026 | D105: 10.58.31.100
B106: =$E$2 -> Gruppo Backend - EU | C106: =$E$1 -> 026 | D106: 10.58.31.101
B107: =$E$2 -> Gruppo Backend - EU | C107: =$E$1 -> 026 | D107: 10.58.31.102
B108: =$E$2 -> Gruppo Backend - EU | C108: =$E$1 -> 026 | D108: 10.58.31.103
B109: =$E$2 -> Gruppo Backend - EU | C109: =$E$1 -> 026 | D109: 10.58.31.104
B110: =$E$2 -> Gruppo Backend - EU | C110: =$E$1 -> 026 | D110: 10.58.31.105
... B259: =$E$2 -> Gruppo Backend - EU | C259: =$E$1 -> 026 | D259: 10.58.31.254
B260: =$E$2 -> Gruppo Backend - EU | C260: =$E$1 -> 026 | D260: 10.58.31.255 | F260: broadcast

Sheet 10.58.32.0 |24
A1: Summary | D1: ID: | E1: =Summary!D45 -> 027
B2: {=MID(CELL("nomefile",A1),FIND("]",CELL("nomefile",A1))+1,255)} -> #VALUE! | D2: Label: | E2: =Summary!E45 -> Database Applicazione
B4: Label | C4: ID | D4: IP | E4: hostname | F4: Descrizione | G4: Note | H4: OLD_hostname
B5: =$E$2 -> Database Applicazione | C5: =$E$1 -> 027 | D5: 10.58.32.0 | F5: 10.58.32.0/24 - 255.255.255.0
B6: =$E$2 -> Database Applicazione | C6: =$E$1 -> 027 | D6: 10.58.32.1
B7: =$E$2 -> Database Applicazione | C7: =$E$1 -> 027 | D7: 10.58.32.2
B8: =$E$2 -> Database Applicazione | C8: =$E$1 -> 027 | D8: 10.58.32.3
B9: =$E$2 -> Database Applicazione | C9: =$E$1 -> 027 | D9: 10.58.32.4
B10: =$E$2 -> Database Applicazione | C10: =$E$1 -> 027 | D10: 10.58.32.5
B11: =$E$2 -> Database Applicazione | C11: =$E$1 -> 027 | D11: 10.58.32.6
B12: =$E$2 -> Database Applicazione | C12: =$E$1 -> 027 | D12: 10.58.32.7
B13: =$E$2 -> Database Applicazione | C13: =$E$1 -> 027 | D13: 10.58.32.8
B14: =$E$2 -> Database Applicazione | C14: =$E$1 -> 027 | D14: 10.58.32.9
B15: =$E$2 -> Database Applicazione | C15: =$E$1 -> 027 | D15: 10.58.32.10 | E15: bc-prod-dbdoc01 | F15: MongoDB 1
B16: =$E$2 -> Database Applicazione | C16: =$E$1 -> 027 | D16: 10.58.32.11 | E16: bc-prod-dbdoc02 | F16: MongoDB 2
B17: =$E$2 -> Database Applicazione | C17: =$E$1 -> 027 | D17: 10.58.32.12 | E17: bc-prod-dbdoc03 | F17: MongoDB 3
B18: =$E$2 -> Database Applicazione | C18: =$E$1 -> 027 | D18: 10.58.32.13
B19: =$E$2 -> Database Applicazione | C19: =$E$1 -> 027 | D19: 10.58.32.14
B20: =$E$2 -> Database Applicazione | C20: =$E$1 -> 027 | D20: 10.58.32.15
B21: =$E$2 -> Database Applicazione | C21: =$E$1 -> 027 | D21: 10.58.32.16
B22: =$E$2 -> Database Applicazione | C22: =$E$1 -> 027 | D22: 10.58.32.17
B23: =$E$2 -> Database Applicazione | C23: =$E$1 -> 027 | D23: 10.58.32.18
B24: =$E$2 -> Database Applicazione | C24: =$E$1 -> 027 | D24: 10.58.32.19
B25: =$E$2 -> Database Applicazione | C25: =$E$1 -> 027 | D25: 10.58.32.20
B26: =$E$2 -> Database Applicazione | C26: =$E$1 -> 027 | D26: 10.58.32.21
B27: =$E$2 -> Database Applicazione | C27: =$E$1 -> 027 | D27: 10.58.32.22
B28: =$E$2 -> Database Applicazione | C28: =$E$1 -> 027 | D28: 10.58.32.23
B29: =$E$2 -> Database Applicazione | C29: =$E$1 -> 027 | D29: 10.58.32.24
... B259: =$E$2 -> Database Applicazione | C259: =$E$1 -> 027 | D259: 10.58.32.254
B260: =$E$2 -> Database Applicazione | C260: =$E$1 -> 027 | D260: 10.58.32.255 | F260: broadcast

Sheet 10.58.33.0 |24
A1: Summary | D1: ID: | E1: =Summary!D46 -> 028
B2: {=MID(CELL("nomefile",A1),FIND("]",CELL("nomefile",A1))+1,255)} -> #VALUE! | D2: Label: | E2: =Summary!E46 -> Gruppo Auth SIE (Trasversale per SSO in EU/NEU)
B4: Label | C4: ID | D4: IP | E4: hostname | F4: Descrizione | G4: Note | H4: OLD_hostname
B5: =$E$2 -> Gruppo Auth SIE (Trasversale per SSO in EU/NEU) | C5: =$E$1 -> 028 | D5: 10.58.33.0 | F5: 10.58.32.0/24 - 255.255.255.0
B6: =$E$2 -> Gruppo Auth SIE (Trasversale per SSO in EU/NEU) | C6: =$E$1 -> 028 | D6: 10.58.33.1
B7: =$E$2 -> Gruppo Auth SIE (Trasversale per SSO in EU/NEU) | C7: =$E$1 -> 028 | D7: 10.58.33.2
B8: =$E$2 -> Gruppo Auth SIE (Trasversale per SSO in EU/NEU) | C8: =$E$1 -> 028 | D8: 10.58.33.3
B9: =$E$2 -> Gruppo Auth SIE (Trasversale per SSO in EU/NEU) | C9: =$E$1 -> 028 | D9: 10.58.33.4
B10: =$E$2 -> Gruppo Auth SIE (Trasversale per SSO in EU/NEU) | C10: =$E$1 -> 028 | D10: 10.58.33.5
B11: =$E$2 -> Gruppo Auth SIE (Trasversale per SSO in EU/NEU) | C11: =$E$1 -> 028 | D11: 10.58.33.6
B12: =$E$2 -> Gruppo Auth SIE (Trasversale per SSO in EU/NEU) | C12: =$E$1 -> 028 | D12: 10.58.33.7
B13: =$E$2 -> Gruppo Auth SIE (Trasversale per SSO in EU/NEU) | C13: =$E$1 -> 028 | D13: 10.58.33.8
B14: =$E$2 -> Gruppo Auth SIE (Trasversale per SSO in EU/NEU) | C14: =$E$1 -> 028 | D14: 10.58.33.9
B15: =$E$2 -> Gruppo Auth SIE (Trasversale per SSO in EU/NEU) | C15: =$E$1 -> 028 | D15: 10.58.33.10
B16: =$E$2 -> Gruppo Auth SIE (Trasversale per SSO in EU/NEU) | C16: =$E$1 -> 028 | D16: 10.58.33.11
B17: =$E$2 -> Gruppo Auth SIE (Trasversale per SSO in EU/NEU) | C17: =$E$1 -> 028 | D17: 10.58.33.12
... B35: =$E$2 -> Gruppo Auth SIE (Trasversale per SSO in EU/NEU) | C35: =$E$1 -> 028 | D35: 10.58.33.30
B36: =$E$2 -> Gruppo Auth SIE (Trasversale per SSO in EU/NEU) | C36: =$E$1 -> 028 | D36: 10.58.33.31 | E36: bc-prod-eu-auth-wrk01 | F36: Worker di autenticazione #Rename | G36: Tomcat 9 + CAS 6 | H36: bc-prod-sie-auth-wrk01
B37: =$E$2 -> Gruppo Auth SIE (Trasversale per SSO in EU/NEU) | C37: =$E$1 -> 028 | D37: 10.58.33.32 | E37: bc-prod-eu-auth-wrk02 | F37: Worker di autenticazione #Rename | G37: Tomcat 9 + CAS 6 | H37: bc-prod-sie-auth-wrk02
B38: =$E$2 -> Gruppo Auth SIE (Trasversale per SSO in EU/NEU) | C38: =$E$1 -> 028 | D38: 10.58.33.33 | E38: bc-prod-eu-auth-wrk03 | F38: Worker di autenticazione #Rename | G38: Tomcat 9 + CAS 6 | H38: bc-prod-sie-auth-wrk03
B39: =$E$2 -> Gruppo Auth SIE (Trasversale per SSO in EU/NEU) | C39: =$E$1 -> 028 | D39: 10.58.33.34 | F39: Worker di autenticazione | G39: Tomcat 9 + CAS 6
B40: =$E$2 -> Gruppo Auth SIE (Trasversale per SSO in EU/NEU) | C40: =$E$1 -> 028 | D40: 10.58.33.35 | F40: Worker di autenticazione | G40: Tomcat 9 + CAS 6
B41: =$E$2 -> Gruppo Auth SIE (Trasversale per SSO in EU/NEU) | C41: =$E$1 -> 028 | D41: 10.58.33.36 | F41: Worker di autenticazione | G41: Tomcat 9 + CAS 6
B42: =$E$2 -> Gruppo Auth SIE (Trasversale per SSO in EU/NEU) | C42: =$E$1 -> 028 | D42: 10.58.33.37
B43: =$E$2 -> Gruppo Auth SIE (Trasversale per SSO in EU/NEU) | C43: =$E$1 -> 028 | D43: 10.58.33.38
B44: =$E$2 -> Gruppo Auth SIE (Trasversale per SSO in EU/NEU) | C44: =$E$1 -> 028 | D44: 10.58.33.39
B45: =$E$2 -> Gruppo Auth SIE (Trasversale per SSO in EU/NEU) | C45: =$E$1 -> 028 | D45: 10.58.33.40
B46: =$E$2 -> Gruppo Auth SIE (Trasversale per SSO in EU/NEU) | C46: =$E$1 -> 028 | D46: 10.58.33.41
B47: =$E$2 -> Gruppo Auth SIE (Trasversale per SSO in EU/NEU) | C47: =$E$1 -> 028 | D47: 10.58.33.42
B48: =$E$2 -> Gruppo Auth SIE (Trasversale per SSO in EU/NEU) | C48: =$E$1 -> 028 | D48: 10.58.33.43
B49: =$E$2 -> Gruppo Auth SIE (Trasversale per SSO in EU/NEU) | C49: =$E$1 -> 028 | D49: 10.58.33.44
B50: =$E$2 -> Gruppo Auth SIE (Trasversale per SSO in EU/NEU) | C50: =$E$1 -> 028 | D50: 10.58.33.45
B51: =$E$2 -> Gruppo Auth SIE (Trasversale per SSO in EU/NEU) | C51: =$E$1 -> 028 | D51: 10.58.33.46
B52: =$E$2 -> Gruppo Auth SIE (Trasversale per SSO in EU/NEU) | C52: =$E$1 -> 028 | D52: 10.58.33.47
B53: =$E$2 -> Gruppo Auth SIE (Trasversale per SSO in EU/NEU) | C53: =$E$1 -> 028 | D53: 10.58.33.48
... B259: =$E$2 -> Gruppo Auth SIE (Trasversale per SSO in EU/NEU) | C259: =$E$1 -> 028 | D259: 10.58.33.254
B260: =$E$2 -> Gruppo Auth SIE (Trasversale per SSO in EU/NEU) | C260: =$E$1 -> 028 | D260: 10.58.33.255 | F260: broadcast

Sheet 10.58.40.0 |24
A1: Summary | D1: ID: | E1: =Summary!D47 -> 029
B2: {=MID(CELL("nomefile",A1),FIND("]",CELL("nomefile",A1))+1,255)} -> #VALUE! | D2: Label: | E2: =Summary!E47 -> Gruppo Proxy Tablet
B4: Label | C4: ID | D4: IP | E4: hostname | F4: Descrizione | G4: Note | H4: OLD_hostname
B5: =$E$2 -> Gruppo Proxy Tablet | C5: =$E$1 -> 029 | D5: 10.58.40.0 | F5: 10.58.40.0/24 - 255.255.255.0
B6: =$E$2 -> Gruppo Proxy Tablet | C6: =$E$1 -> 029 | D6: 10.58.40.1 | H6: urg-tbl-proxy1
B7: =$E$2 -> Gruppo Proxy Tablet | C7: =$E$1 -> 029 | D7: 10.58.40.2 | H7: urg-tbl-proxy2
B8: =$E$2 -> Gruppo Proxy Tablet | C8: =$E$1 -> 029 | D8: 10.58.40.3
B9: =$E$2 -> Gruppo Proxy Tablet | C9: =$E$1 -> 029 | D9: 10.58.40.4
B10: =$E$2 -> Gruppo Proxy Tablet | C10: =$E$1 -> 029 | D10: 10.58.40.5
B11: =$E$2 -> Gruppo Proxy Tablet | C11: =$E$1 -> 029 | D11: 10.58.40.6
B12: =$E$2 -> Gruppo Proxy Tablet | C12: =$E$1 -> 029 | D12: 10.58.40.7
B13: =$E$2 -> Gruppo Proxy Tablet | C13: =$E$1 -> 029 | D13: 10.58.40.8
B14: =$E$2 -> Gruppo Proxy Tablet | C14: =$E$1 -> 029 | D14: 10.58.40.9
B15: =$E$2 -> Gruppo Proxy Tablet | C15: =$E$1 -> 029 | D15: 10.58.40.10
B16: =$E$2 -> Gruppo Proxy Tablet | C16: =$E$1 -> 029 | D16: 10.58.40.11 | E16: bc-prod-tb-proxy17 | F16: Reverse Proxy - servizi mobile | G16: Apache 2.4 + Wildfly 30
B17: =$E$2 -> Gruppo Proxy Tablet | C17: =$E$1 -> 029 | D17: 10.58.40.12 | E17: bc-prod-tb-proxy18 | F17: Reverse Proxy - servizi mobile | G17: Apache 2.4 + Wildfly 30
B18: =$E$2 -> Gruppo Proxy Tablet | C18: =$E$1 -> 029 | D18: 10.58.40.13 | F18: Reverse Proxy - servizi mobile | G18: Apache 2.4 + Wildfly 30
B19: =$E$2 -> Gruppo Proxy Tablet | C19: =$E$1 -> 029 | D19: 10.58.40.14 | F19: Reverse Proxy - servizi mobile | G19: Apache 2.4 + Wildfly 30
B20: =$E$2 -> Gruppo Proxy Tablet | C20: =$E$1 -> 029 | D20: 10.58.40.15
B21: =$E$2 -> Gruppo Proxy Tablet | C21: =$E$1 -> 029 | D21: 10.58.40.16
B22: =$E$2 -> Gruppo Proxy Tablet | C22: =$E$1 -> 029 | D22: 10.58.40.17
B23: =$E$2 -> Gruppo Proxy Tablet | C23: =$E$1 -> 029 | D23: 10.58.40.18
B24: =$E$2 -> Gruppo Proxy Tablet | C24: =$E$1 -> 029 | D24: 10.58.40.19
B25: =$E$2 -> Gruppo Proxy Tablet | C25: =$E$1 -> 029 | D25: 10.58.40.20
B26: =$E$2 -> Gruppo Proxy Tablet | C26: =$E$1 -> 029 | D26: 10.58.40.21
B27: =$E$2 -> Gruppo Proxy Tablet | C27: =$E$1 -> 029 | D27: 10.58.40.22
B28: =$E$2 -> Gruppo Proxy Tablet | C28: =$E$1 -> 029 | D28: 10.58.40.23
B29: =$E$2 -> Gruppo Proxy Tablet | C29: =$E$1 -> 029 | D29: 10.58.40.24
B30: =$E$2 -> Gruppo Proxy Tablet | C30: =$E$1 -> 029 | D30: 10.58.40.25
B31: =$E$2 -> Gruppo Proxy Tablet | C31: =$E$1 -> 029 | D31: 10.58.40.26
... B259: =$E$2 -> Gruppo Proxy Tablet | C259: =$E$1 -> 029 | D259: 10.58.40.254
B260: =$E$2 -> Gruppo Proxy Tablet | C260: =$E$1 -> 029 | D260: 10.58.40.255 | F260: broadcast

Sheet 10.58.41.0 |24
A1: Summary | D1: ID: | E1: =Summary!D48 -> 030
B2: {=MID(CELL("nomefile",A1),FIND("]",CELL("nomefile",A1))+1,255)} -> #VALUE! | D2: Label: | E2: =Summary!E48 -> Gruppo Backend Tablet
B4: Label | C4: ID | D4: IP | E4: hostname | F4: Descrizione | G4: Note | H4: OLD_hostname
B5: =$E$2 -> Gruppo Backend Tablet | C5: =$E$1 -> 030 | D5: 10.58.41.0 | F5: 10.58.41.0/24 - 255.255.255.0
B6: =$E$2 -> Gruppo Backend Tablet | C6: =$E$1 -> 030 | D6: 10.58.41.1
B7: =$E$2 -> Gruppo Backend Tablet | C7: =$E$1 -> 030 | D7: 10.58.41.2
B8: =$E$2 -> Gruppo Backend Tablet | C8: =$E$1 -> 030 | D8: 10.58.41.3
B9: =$E$2 -> Gruppo Backend Tablet | C9: =$E$1 -> 030 | D9: 10.58.41.4 | E9: bc-prod-tbt-ctrl09 | F9: Domain Controller - servizi mobile | G9: WildFly 23 | H9: urg-tbl-ctrl1
B10: =$E$2 -> Gruppo Backend Tablet | C10: =$E$1 -> 030 | D10: 10.58.41.5 | E10: bc-prod-tbt-ctrl10 | F10: Domain Controller - servizi mobile | G10: WildFly 23
B11: =$E$2 -> Gruppo Backend Tablet | C11: =$E$1 -> 030 | D11: 10.58.41.6
B12: =$E$2 -> Gruppo Backend Tablet | C12: =$E$1 -> 030 | D12: 10.58.41.7
B13: =$E$2 -> Gruppo Backend Tablet | C13: =$E$1 -> 030 | D13: 10.58.41.8
B14: =$E$2 -> Gruppo Backend Tablet | C14: =$E$1 -> 030 | D14: 10.58.41.9
B15: =$E$2 -> Gruppo Backend Tablet | C15: =$E$1 -> 030 | D15: 10.58.41.10
B16: =$E$2 -> Gruppo Backend Tablet | C16: =$E$1 -> 030 | D16: 10.58.41.11 | H16: urg-tbl-wrk1
B17: =$E$2 -> Gruppo Backend Tablet | C17: =$E$1 -> 030 | D17: 10.58.41.12 | H17: urg-tbl-wrk2
B18: =$E$2 -> Gruppo Backend Tablet | C18: =$E$1 -> 030 | D18: 10.58.41.13
B19: =$E$2 -> Gruppo Backend Tablet | C19: =$E$1 -> 030 | D19: 10.58.41.14
B20: =$E$2 -> Gruppo Backend Tablet | C20: =$E$1 -> 030 | D20: 10.58.41.15
B21: =$E$2 -> Gruppo Backend Tablet | C21: =$E$1 -> 030 | D21: 10.58.41.16
B22: =$E$2 -> Gruppo Backend Tablet | C22: =$E$1 -> 030 | D22: 10.58.41.17
B23: =$E$2 -> Gruppo Backend Tablet | C23: =$E$1 -> 030 | D23: 10.58.41.18
B24: =$E$2 -> Gruppo Backend Tablet | C24: =$E$1 -> 030 | D24: 10.58.41.19
B25: =$E$2 -> Gruppo Backend Tablet | C25: =$E$1 -> 030 | D25: 10.58.41.20
B26: =$E$2 -> Gruppo Backend Tablet | C26: =$E$1 -> 030 | D26: 10.58.41.21
B27: =$E$2 -> Gruppo Backend Tablet | C27: =$E$1 -> 030 | D27: 10.58.41.22
B28: =$E$2 -> Gruppo Backend Tablet | C28: =$E$1 -> 030 | D28: 10.58.41.23
B29: =$E$2 -> Gruppo Backend Tablet | C29: =$E$1 -> 030 | D29: 10.58.41.24
... B59: =$E$2 -> Gruppo Backend Tablet | C59: =$E$1 -> 030 | D59: 10.58.41.54
B60: =$E$2 -> Gruppo Backend Tablet | C60: =$E$1 -> 030 | D60: 10.58.41.55 | E60: bc-prod-tbt-wrk55 | F60: Worker servizi mobile | G60: WildFly 23
B61: =$E$2 -> Gruppo Backend Tablet | C61: =$E$1 -> 030 | D61: 10.58.41.56 | E61: bc-prod-tbt-wrk56 | F61: Worker servizi mobile | G61: WildFly 23
B62: =$E$2 -> Gruppo Backend Tablet | C62: =$E$1 -> 030 | D62: 10.58.41.57 | E62: bc-prod-tbt-wrk57 | F62: Worker servizi mobile | G62: WildFly 23
B63: =$E$2 -> Gruppo Backend Tablet | C63: =$E$1 -> 030 | D63: 10.58.41.58 | E63: bc-prod-tbt-wrk58 | F63: Worker servizi mobile | G63: WildFly 23
B64: =$E$2 -> Gruppo Backend Tablet | C64: =$E$1 -> 030 | D64: 10.58.41.59 | F64: Worker servizi mobile | G64: WildFly 23
B65: =$E$2 -> Gruppo Backend Tablet | C65: =$E$1 -> 030 | D65: 10.58.41.60 | F65: Worker servizi mobile | G65: WildFly 23
B66: =$E$2 -> Gruppo Backend Tablet | C66: =$E$1 -> 030 | D66: 10.58.41.61 | F66: Worker servizi mobile | G66: WildFly 23
B67: =$E$2 -> Gruppo Backend Tablet | C67: =$E$1 -> 030 | D67: 10.58.41.62 | F67: Worker servizi mobile | G67: WildFly 23
B68: =$E$2 -> Gruppo Backend Tablet | C68: =$E$1 -> 030 | D68: 10.58.41.63
B69: =$E$2 -> Gruppo Backend Tablet | C69: =$E$1 -> 030 | D69: 10.58.41.64
B70: =$E$2 -> Gruppo Backend Tablet | C70: =$E$1 -> 030 | D70: 10.58.41.65
B71: =$E$2 -> Gruppo Backend Tablet | C71: =$E$1 -> 030 | D71: 10.58.41.66
B72: =$E$2 -> Gruppo Backend Tablet | C72: =$E$1 -> 030 | D72: 10.58.41.67
B73: =$E$2 -> Gruppo Backend Tablet | C73: =$E$1 -> 030 | D73: 10.58.41.68
B74: =$E$2 -> Gruppo Backend Tablet | C74: =$E$1 -> 030 | D74: 10.58.41.69
B75: =$E$2 -> Gruppo Backend Tablet | C75: =$E$1 -> 030 | D75: 10.58.41.70
B76: =$E$2 -> Gruppo Backend Tablet | C76: =$E$1 -> 030 | D76: 10.58.41.71
B77: =$E$2 -> Gruppo Backend Tablet | C77: =$E$1 -> 030 | D77: 10.58.41.72
B78: =$E$2 -> Gruppo Backend Tablet | C78: =$E$1 -> 030 | D78: 10.58.41.73
B79: =$E$2 -> Gruppo Backend Tablet | C79: =$E$1 -> 030 | D79: 10.58.41.74
... B259: =$E$2 -> Gruppo Backend Tablet | C259: =$E$1 -> 030 | D259: 10.58.41.254
B260: =$E$2 -> Gruppo Backend Tablet | C260: =$E$1 -> 030 | D260: 10.58.41.255 | F260: broadcast

Sheet 10.58.50.0 |24
A1: Summary | D1: ID: | E1: =Summary!D49 -> 031
B2: {=MID(CELL("nomefile",A1),FIND("]",CELL("nomefile",A1))+1,255)} -> #VALUE! | D2: Label: | E2: =Summary!E49 -> Gruppo Proxy Web Services/Frontend
B4: Label | C4: ID | D4: IP | E4: hostname | F4: Descrizione | G4: Note | H4: OLD_hostname
B5: =$E$2 -> Gruppo Proxy Web Services/Frontend | C5: =$E$1 -> 031 | D5: 10.58.50.0 | F5: 10.58.50.0/24 - 255.255.255.0
B6: =$E$2 -> Gruppo Proxy Web Services/Frontend | C6: =$E$1 -> 031 | D6: 10.58.50.1 | H6: urg-ws-proxy1
B7: =$E$2 -> Gruppo Proxy Web Services/Frontend | C7: =$E$1 -> 031 | D7: 10.58.50.2 | H7: urg-ws-proxy2
B8: =$E$2 -> Gruppo Proxy Web Services/Frontend | C8: =$E$1 -> 031 | D8: 10.58.50.3
B9: =$E$2 -> Gruppo Proxy Web Services/Frontend | C9: =$E$1 -> 031 | D9: 10.58.50.4
B10: =$E$2 -> Gruppo Proxy Web Services/Frontend | C10: =$E$1 -> 031 | D10: 10.58.50.5
B11: =$E$2 -> Gruppo Proxy Web Services/Frontend | C11: =$E$1 -> 031 | D11: 10.58.50.6
B12: =$E$2 -> Gruppo Proxy Web Services/Frontend | C12: =$E$1 -> 031 | D12: 10.58.50.7
B13: =$E$2 -> Gruppo Proxy Web Services/Frontend | C13: =$E$1 -> 031 | D13: 10.58.50.8
B14: =$E$2 -> Gruppo Proxy Web Services/Frontend | C14: =$E$1 -> 031 | D14: 10.58.50.9
B15: =$E$2 -> Gruppo Proxy Web Services/Frontend | C15: =$E$1 -> 031 | D15: 10.58.50.10
B16: =$E$2 -> Gruppo Proxy Web Services/Frontend | C16: =$E$1 -> 031 | D16: 10.58.50.11 | E16: bc-prod-pub-proxy13 | F16: Reverse Proxy - Interfaccia WS | G16: Apache 2.4 + Wildfly 30
B17: =$E$2 -> Gruppo Proxy Web Services/Frontend | C17: =$E$1 -> 031 | D17: 10.58.50.12 | E17: bc-prod-pub-proxy14 | F17: Reverse Proxy - Interfaccia WS | G17: Apache 2.4 + Wildfly 30
B18: =$E$2 -> Gruppo Proxy Web Services/Frontend | C18: =$E$1 -> 031 | D18: 10.58.50.13 | F18: Reverse Proxy - Interfaccia WS | G18: Apache 2.4 + Wildfly 30
B19: =$E$2 -> Gruppo Proxy Web Services/Frontend | C19: =$E$1 -> 031 | D19: 10.58.50.14 | F19: Reverse Proxy - Interfaccia WS | G19: Apache 2.4 + Wildfly 30
B20: =$E$2 -> Gruppo Proxy Web Services/Frontend | C20: =$E$1 -> 031 | D20: 10.58.50.15
B21: =$E$2 -> Gruppo Proxy Web Services/Frontend | C21: =$E$1 -> 031 | D21: 10.58.50.16
B22: =$E$2 -> Gruppo Proxy Web Services/Frontend | C22: =$E$1 -> 031 | D22: 10.58.50.17
B23: =$E$2 -> Gruppo Proxy Web Services/Frontend | C23: =$E$1 -> 031 | D23: 10.58.50.18
B24: =$E$2 -> Gruppo Proxy Web Services/Frontend | C24: =$E$1 -> 031 | D24: 10.58.50.19
B25: =$E$2 -> Gruppo Proxy Web Services/Frontend | C25: =$E$1 -> 031 | D25: 10.58.50.20
B26: =$E$2 -> Gruppo Proxy Web Services/Frontend | C26: =$E$1 -> 031 | D26: 10.58.50.21
B27: =$E$2 -> Gruppo Proxy Web Services/Frontend | C27: =$E$1 -> 031 | D27: 10.58.50.22
B28: =$E$2 -> Gruppo Proxy Web Services/Frontend | C28: =$E$1 -> 031 | D28: 10.58.50.23
B29: =$E$2 -> Gruppo Proxy Web Services/Frontend | C29: =$E$1 -> 031 | D29: 10.58.50.24
B30: =$E$2 -> Gruppo Proxy Web Services/Frontend | C30: =$E$1 -> 031 | D30: 10.58.50.25
B31: =$E$2 -> Gruppo Proxy Web Services/Frontend | C31: =$E$1 -> 031 | D31: 10.58.50.26
... B259: =$E$2 -> Gruppo Proxy Web Services/Frontend | C259: =$E$1 -> 031 | D259: 10.58.50.254
B260: =$E$2 -> Gruppo Proxy Web Services/Frontend | C260: =$E$1 -> 031 | D260: 10.58.50.255 | F260: broadcast

Sheet 10.58.51.0 |24
A1: Summary | D1: ID: | E1: =Summary!D50 -> 032
B2: {=MID(CELL("nomefile",A1),FIND("]",CELL("nomefile",A1))+1,255)} -> #VALUE! | D2: Label: | E2: =Summary!E50 -> Gruppo Backend Web Services
B4: Label | C4: ID | D4: IP | E4: hostname | F4: Descrizione | G4: Note | H4: OLD_hostname
B5: =$E$2 -> Gruppo Backend Web Services | C5: =$E$1 -> 032 | D5: 10.58.51.0 | F5: 10.58.51.0/24 - 255.255.255.0
B6: =$E$2 -> Gruppo Backend Web Services | C6: =$E$1 -> 032 | D6: 10.58.51.1
B7: =$E$2 -> Gruppo Backend Web Services | C7: =$E$1 -> 032 | D7: 10.58.51.2
B8: =$E$2 -> Gruppo Backend Web Services | C8: =$E$1 -> 032 | D8: 10.58.51.3
B9: =$E$2 -> Gruppo Backend Web Services | C9: =$E$1 -> 032 | D9: 10.58.51.4 | E9: bc-prod-ws-ctrl05 | F9: Domain Controller - Servizi Esposti | G9: WildFly 23 | H9: urg-ws-ctrl1
B10: =$E$2 -> Gruppo Backend Web Services | C10: =$E$1 -> 032 | D10: 10.58.51.5 | E10: bc-prod-ws-ctrl06 | F10: Domain Controller - Servizi Esposti | G10: WildFly 23
B11: =$E$2 -> Gruppo Backend Web Services | C11: =$E$1 -> 032 | D11: 10.58.51.6
B12: =$E$2 -> Gruppo Backend Web Services | C12: =$E$1 -> 032 | D12: 10.58.51.7
B13: =$E$2 -> Gruppo Backend Web Services | C13: =$E$1 -> 032 | D13: 10.58.51.8
B14: =$E$2 -> Gruppo Backend Web Services | C14: =$E$1 -> 032 | D14: 10.58.51.9
B15: =$E$2 -> Gruppo Backend Web Services | C15: =$E$1 -> 032 | D15: 10.58.51.10
B16: =$E$2 -> Gruppo Backend Web Services | C16: =$E$1 -> 032 | D16: 10.58.51.11 | H16: urg-ws-wrk1
B17: =$E$2 -> Gruppo Backend Web Services | C17: =$E$1 -> 032 | D17: 10.58.51.12 | H17: urg-ws-wrk2
B18: =$E$2 -> Gruppo Backend Web Services | C18: =$E$1 -> 032 | D18: 10.58.51.13
B19: =$E$2 -> Gruppo Backend Web Services | C19: =$E$1 -> 032 | D19: 10.58.51.14
B20: =$E$2 -> Gruppo Backend Web Services | C20: =$E$1 -> 032 | D20: 10.58.51.15
B21: =$E$2 -> Gruppo Backend Web Services | C21: =$E$1 -> 032 | D21: 10.58.51.16
B22: =$E$2 -> Gruppo Backend Web Services | C22: =$E$1 -> 032 | D22: 10.58.51.17
B23: =$E$2 -> Gruppo Backend Web Services | C23: =$E$1 -> 032 | D23: 10.58.51.18
B24: =$E$2 -> Gruppo Backend Web Services | C24: =$E$1 -> 032 | D24: 10.58.51.19
B25: =$E$2 -> Gruppo Backend Web Services | C25: =$E$1 -> 032 | D25: 10.58.51.20
B26: =$E$2 -> Gruppo Backend Web Services | C26: =$E$1 -> 032 | D26: 10.58.51.21
B27: =$E$2 -> Gruppo Backend Web Services | C27: =$E$1 -> 032 | D27: 10.58.51.22
B28: =$E$2 -> Gruppo Backend Web Services | C28: =$E$1 -> 032 | D28: 10.58.51.23
B29: =$E$2 -> Gruppo Backend Web Services | C29: =$E$1 -> 032 | D29: 10.58.51.24
... B43: =$E$2 -> Gruppo Backend Web Services | C43: =$E$1 -> 032 | D43: 10.58.51.38
B44: =$E$2 -> Gruppo Backend Web Services | C44: =$E$1 -> 032 | D44: 10.58.51.39 | E44: bc-prod-ws-wrk39 | F44: Worker - Interfaccia WS | G44: WildFly 23
B45: =$E$2 -> Gruppo Backend Web Services | C45: =$E$1 -> 032 | D45: 10.58.51.40 | E45: bc-prod-ws-wrk40 | F45: Worker - Interfaccia WS | G45: WildFly 23
B46: =$E$2 -> Gruppo Backend Web Services | C46: =$E$1 -> 032 | D46: 10.58.51.41 | E46: bc-prod-ws-wrk41 | F46: Worker - Interfaccia WS | G46: WildFly 23
B47: =$E$2 -> Gruppo Backend Web Services | C47: =$E$1 -> 032 | D47: 10.58.51.42 | E47: bc-prod-ws-wrk42 | F47: Worker - Interfaccia WS | G47: WildFly 23
B48: =$E$2 -> Gruppo Backend Web Services | C48: =$E$1 -> 032 | D48: 10.58.51.43 | F48: Worker - Interfaccia WS | G48: WildFly 23
B49: =$E$2 -> Gruppo Backend Web Services | C49: =$E$1 -> 032 | D49: 10.58.51.44 | F49: Worker - Interfaccia WS | G49: WildFly 23
B50: =$E$2 -> Gruppo Backend Web Services | C50: =$E$1 -> 032 | D50: 10.58.51.45 | F50: Worker - Interfaccia WS | G50: WildFly 23
B51: =$E$2 -> Gruppo Backend Web Services | C51: =$E$1 -> 032 | D51: 10.58.51.46 | F51: Worker - Interfaccia WS | G51: WildFly 23
B52: =$E$2 -> Gruppo Backend Web Services | C52: =$E$1 -> 032 | D52: 10.58.51.47
B53: =$E$2 -> Gruppo Backend Web Services | C53: =$E$1 -> 032 | D53: 10.58.51.48
B54: =$E$2 -> Gruppo Backend Web Services | C54: =$E$1 -> 032 | D54: 10.58.51.49
B55: =$E$2 -> Gruppo Backend Web Services | C55: =$E$1 -> 032 | D55: 10.58.51.50 | E55: bc-prod-ws-dkr50 | F55: Texa
B56: =$E$2 -> Gruppo Backend Web Services | C56: =$E$1 -> 032 | D56: 10.58.51.51
B57: =$E$2 -> Gruppo Backend Web Services | C57: =$E$1 -> 032 | D57: 10.58.51.52
B58: =$E$2 -> Gruppo Backend Web Services | C58: =$E$1 -> 032 | D58: 10.58.51.53
B59: =$E$2 -> Gruppo Backend Web Services | C59: =$E$1 -> 032 | D59: 10.58.51.54
B60: =$E$2 -> Gruppo Backend Web Services | C60: =$E$1 -> 032 | D60: 10.58.51.55
B61: =$E$2 -> Gruppo Backend Web Services | C61: =$E$1 -> 032 | D61: 10.58.51.56
B62: =$E$2 -> Gruppo Backend Web Services | C62: =$E$1 -> 032 | D62: 10.58.51.57
B63: =$E$2 -> Gruppo Backend Web Services | C63: =$E$1 -> 032 | D63: 10.58.51.58
B64: =$E$2 -> Gruppo Backend Web Services | C64: =$E$1 -> 032 | D64: 10.58.51.59
B65: =$E$2 -> Gruppo Backend Web Services | C65: =$E$1 -> 032 | D65: 10.58.51.60
B66: =$E$2 -> Gruppo Backend Web Services | C66: =$E$1 -> 032 | D66: 10.58.51.61
B67: =$E$2 -> Gruppo Backend Web Services | C67: =$E$1 -> 032 | D67: 10.58.51.62
... B259: =$E$2 -> Gruppo Backend Web Services | C259: =$E$1 -> 032 | D259: 10.58.51.254
B260: =$E$2 -> Gruppo Backend Web Services | C260: =$E$1 -> 032 | D260: 10.58.51.255 | F260: broadcast

Sheet 10.58.61.0 |24
A1: Summary | D1: ID: | E1: =Summary!D51 -> 033
B2: {=MID(CELL("nomefile",A1),FIND("]",CELL("nomefile",A1))+1,255)} -> #VALUE! | D2: Label: | E2: =Summary!E51 -> Gruppo Backend Frontend
B4: Label | C4: ID | D4: IP | E4: hostname | F4: Descrizione | G4: Note | H4: OLD_hostname
B5: =$E$2 -> Gruppo Backend Frontend | C5: =$E$1 -> 033 | D5: 10.58.61.0 | F5: 10.58.61.0/24 - 255.255.255.0
B6: =$E$2 -> Gruppo Backend Frontend | C6: =$E$1 -> 033 | D6: 10.58.61.1
B7: =$E$2 -> Gruppo Backend Frontend | C7: =$E$1 -> 033 | D7: 10.58.61.2
B8: =$E$2 -> Gruppo Backend Frontend | C8: =$E$1 -> 033 | D8: 10.58.61.3
B9: =$E$2 -> Gruppo Backend Frontend | C9: =$E$1 -> 033 | D9: 10.58.61.4 | E9: bc-prod-fe-ctrl07 | F9: Domain Controller - servizi esposti | G9: WildFly 23 | H9: urg-fe-ctrl1
B10: =$E$2 -> Gruppo Backend Frontend | C10: =$E$1 -> 033 | D10: 10.58.61.5 | E10: bc-prod-fe-ctrl08 | F10: Domain Controller - servizi esposti | G10: WildFly 23
B11: =$E$2 -> Gruppo Backend Frontend | C11: =$E$1 -> 033 | D11: 10.58.61.6
B12: =$E$2 -> Gruppo Backend Frontend | C12: =$E$1 -> 033 | D12: 10.58.61.7
B13: =$E$2 -> Gruppo Backend Frontend | C13: =$E$1 -> 033 | D13: 10.58.61.8
B14: =$E$2 -> Gruppo Backend Frontend | C14: =$E$1 -> 033 | D14: 10.58.61.9
B15: =$E$2 -> Gruppo Backend Frontend | C15: =$E$1 -> 033 | D15: 10.58.61.10
B16: =$E$2 -> Gruppo Backend Frontend | C16: =$E$1 -> 033 | D16: 10.58.61.11 | H16: urg-fe-wrk1
B17: =$E$2 -> Gruppo Backend Frontend | C17: =$E$1 -> 033 | D17: 10.58.61.12 | H17: urg-fe-wrk2
B18: =$E$2 -> Gruppo Backend Frontend | C18: =$E$1 -> 033 | D18: 10.58.61.13
B19: =$E$2 -> Gruppo Backend Frontend | C19: =$E$1 -> 033 | D19: 10.58.61.14
B20: =$E$2 -> Gruppo Backend Frontend | C20: =$E$1 -> 033 | D20: 10.58.61.15
B21: =$E$2 -> Gruppo Backend Frontend | C21: =$E$1 -> 033 | D21: 10.58.61.16
B22: =$E$2 -> Gruppo Backend Frontend | C22: =$E$1 -> 033 | D22: 10.58.61.17
B23: =$E$2 -> Gruppo Backend Frontend | C23: =$E$1 -> 033 | D23: 10.58.61.18
B24: =$E$2 -> Gruppo Backend Frontend | C24: =$E$1 -> 033 | D24: 10.58.61.19
B25: =$E$2 -> Gruppo Backend Frontend | C25: =$E$1 -> 033 | D25: 10.58.61.20
B26: =$E$2 -> Gruppo Backend Frontend | C26: =$E$1 -> 033 | D26: 10.58.61.21
B27: =$E$2 -> Gruppo Backend Frontend | C27: =$E$1 -> 033 | D27: 10.58.61.22
B28: =$E$2 -> Gruppo Backend Frontend | C28: =$E$1 -> 033 | D28: 10.58.61.23
B29: =$E$2 -> Gruppo Backend Frontend | C29: =$E$1 -> 033 | D29: 10.58.61.24
... B51: =$E$2 -> Gruppo Backend Frontend | C51: =$E$1 -> 033 | D51: 10.58.61.46
B52: =$E$2 -> Gruppo Backend Frontend | C52: =$E$1 -> 033 | D52: 10.58.61.47 | E52: bc-prod-fe-wrk47 | F52: Worker - Front end | G52: WildFly 23
B53: =$E$2 -> Gruppo Backend Frontend | C53: =$E$1 -> 033 | D53: 10.58.61.48 | E53: bc-prod-fe-wrk48 | F53: Worker - Front end | G53: WildFly 23
B54: =$E$2 -> Gruppo Backend Frontend | C54: =$E$1 -> 033 | D54: 10.58.61.49 | E54: bc-prod-fe-wrk49 | F54: Worker - Front end | G54: WildFly 23
B55: =$E$2 -> Gruppo Backend Frontend | C55: =$E$1 -> 033 | D55: 10.58.61.50 | E55: bc-prod-fe-wrk50 | F55: Worker - Front end | G55: WildFly 23
B56: =$E$2 -> Gruppo Backend Frontend | C56: =$E$1 -> 033 | D56: 10.58.61.51 | F56: Worker - Front end | G56: WildFly 23
B57: =$E$2 -> Gruppo Backend Frontend | C57: =$E$1 -> 033 | D57: 10.58.61.52 | F57: Worker - Front end | G57: WildFly 23
B58: =$E$2 -> Gruppo Backend Frontend | C58: =$E$1 -> 033 | D58: 10.58.61.53 | F58: Worker - Front end | G58: WildFly 23
B59: =$E$2 -> Gruppo Backend Frontend | C59: =$E$1 -> 033 | D59: 10.58.61.54 | F59: Worker - Front end | G59: WildFly 23
B60: =$E$2 -> Gruppo Backend Frontend | C60: =$E$1 -> 033 | D60: 10.58.61.55
B61: =$E$2 -> Gruppo Backend Frontend | C61: =$E$1 -> 033 | D61: 10.58.61.56
B62: =$E$2 -> Gruppo Backend Frontend | C62: =$E$1 -> 033 | D62: 10.58.61.57
B63: =$E$2 -> Gruppo Backend Frontend | C63: =$E$1 -> 033 | D63: 10.58.61.58
B64: =$E$2 -> Gruppo Backend Frontend | C64: =$E$1 -> 033 | D64: 10.58.61.59
B65: =$E$2 -> Gruppo Backend Frontend | C65: =$E$1 -> 033 | D65: 10.58.61.60
B66: =$E$2 -> Gruppo Backend Frontend | C66: =$E$1 -> 033 | D66: 10.58.61.61
B67: =$E$2 -> Gruppo Backend Frontend | C67: =$E$1 -> 033 | D67: 10.58.61.62
